CREATE TABLE "SOUL"."AUTH_PARAM"
(
 "ID" VARCHAR(512) NOT NULL,
 "AUTH_ID" VARCHAR(512) NULL,
 "APP_NAME" VARCHAR(1020) NOT NULL,
 "APP_PARAM" VARCHAR(1020) NULL,
 "DATE_CREATED" TIMESTAMP(0) DEFAULT CURRENT_TIMESTAMP()
 NOT NULL,
 "DATE_UPDATED" TIMESTAMP(0) DEFAULT CURRENT_TIMESTAMP()
 NOT NULL
);

CREATE TABLE "SOUL"."AUTH_PATH"
(
 "ID" VARCHAR(512) NOT NULL,
 "AUTH_ID" VARCHAR(512) NOT NULL,
 "APP_NAME" VARCHAR(1020) NOT NULL,
 "PATH" VARCHAR(1020) NOT NULL,
 "ENABLED" TINYINT NOT NULL,
 "DATE_CREATED" TIMESTAMP(0) DEFAULT CURRENT_TIMESTAMP()
 NOT NULL,
 "DATE_UPDATED" TIMESTAMP(0) DEFAULT CURRENT_TIMESTAMP()
 NOT NULL
);

CREATE TABLE "SOUL"."DASHBOARD_USER"
(
 "ID" VARCHAR(512) NOT NULL,
 "USER_NAME" VARCHAR(256) NOT NULL,
 "PASSWORD" VARCHAR(512) NULL,
 "ROLE" INT NOT NULL,
 "ENABLED" TINYINT NOT NULL,
 "DATE_CREATED" TIMESTAMP(0) DEFAULT CURRENT_TIMESTAMP()
 NOT NULL,
 "DATE_UPDATED" TIMESTAMP(0) DEFAULT CURRENT_TIMESTAMP()
 NOT NULL
);

CREATE TABLE "SOUL"."META_DATA"
(
 "ID" VARCHAR(512) NOT NULL,
 "APP_NAME" VARCHAR(1020) NOT NULL,
 "PATH" VARCHAR(1020) NOT NULL,
 "PATH_DESC" VARCHAR(1020) NOT NULL,
 "RPC_TYPE" VARCHAR(256) NOT NULL,
 "SERVICE_NAME" VARCHAR(1020) NULL,
 "METHOD_NAME" VARCHAR(1020) NULL,
 "PARAMETER_TYPES" VARCHAR(1020) NULL,
 "RPC_EXT" VARCHAR(2048) NULL,
 "DATE_CREATED" TIMESTAMP(0) DEFAULT CURRENT_TIMESTAMP()
 NOT NULL,
 "DATE_UPDATED" TIMESTAMP(0) DEFAULT CURRENT_TIMESTAMP()
 NOT NULL,
 "ENABLED" TINYINT DEFAULT 0
 NOT NULL
);

CREATE TABLE "SOUL"."PERMISSION"
(
 "ID" VARCHAR(512) NOT NULL,
 "OBJECT_ID" VARCHAR(512) NOT NULL,
 "RESOURCE_ID" VARCHAR(512) NOT NULL,
 "DATE_CREATED" TIMESTAMP(0) DEFAULT CURRENT_TIMESTAMP()
 NOT NULL,
 "DATE_UPDATED" TIMESTAMP(0) DEFAULT CURRENT_TIMESTAMP()
 NOT NULL
);

CREATE TABLE "SOUL"."PLUGIN"
(
 "ID" VARCHAR(512) NOT NULL,
 "NAME" VARCHAR(248) NOT NULL,
 "CONFIG" TEXT NULL,
 "ROLE" INT NOT NULL,
 "ENABLED" TINYINT DEFAULT 0
 NOT NULL,
 "DATE_CREATED" TIMESTAMP(0) DEFAULT CURRENT_TIMESTAMP()
 NOT NULL,
 "DATE_UPDATED" TIMESTAMP(0) DEFAULT CURRENT_TIMESTAMP()
 NOT NULL
);

CREATE TABLE "SOUL"."PLUGIN_HANDLE"
(
 "ID" VARCHAR(512) NOT NULL,
 "PLUGIN_ID" VARCHAR(512) NOT NULL,
 "FIELD" VARCHAR(400) NOT NULL,
 "LABEL" VARCHAR(400) NULL,
 "DATA_TYPE" SMALLINT DEFAULT 1
 NOT NULL,
 "TYPE" SMALLINT NULL,
 "SORT" INT NULL,
 "EXT_OBJ" VARCHAR(4096) NULL,
 "DATE_CREATED" TIMESTAMP(0) DEFAULT CURRENT_TIMESTAMP()
 NOT NULL,
 "DATE_UPDATED" TIMESTAMP(0) DEFAULT CURRENT_TIMESTAMP()
 NOT NULL
);

CREATE TABLE "SOUL"."RESOURCE"
(
 "ID" VARCHAR(512) NOT NULL,
 "PARENT_ID" VARCHAR(512) NOT NULL,
 "TITLE" VARCHAR(512) NOT NULL,
 "NAME" VARCHAR(128) NOT NULL,
 "URL" VARCHAR(128) NOT NULL,
 "COMPONENT" VARCHAR(128) NOT NULL,
 "RESOURCE_TYPE" INT NOT NULL,
 "SORT" INT NOT NULL,
 "ICON" VARCHAR(128) NOT NULL,
 "IS_LEAF" TINYINT NOT NULL,
 "IS_ROUTE" INT NOT NULL,
 "PERMS" VARCHAR(256) NOT NULL,
 "STATUS" INT NOT NULL,
 "DATE_CREATED" TIMESTAMP(0) DEFAULT CURRENT_TIMESTAMP()
 NOT NULL,
 "DATE_UPDATED" TIMESTAMP(0) DEFAULT CURRENT_TIMESTAMP()
 NOT NULL
);

CREATE TABLE "SOUL"."ROLE"
(
 "ID" VARCHAR(512) NOT NULL,
 "ROLE_NAME" VARCHAR(128) NOT NULL,
 "DESCRIPTION" VARCHAR(1020) NULL,
 "DATE_CREATED" TIMESTAMP(0) DEFAULT CURRENT_TIMESTAMP()
 NOT NULL,
 "DATE_UPDATED" TIMESTAMP(0) DEFAULT CURRENT_TIMESTAMP()
 NOT NULL
);

CREATE TABLE "SOUL"."RULE"
(
 "ID" VARCHAR(512) NOT NULL,
 "SELECTOR_ID" VARCHAR(512) NOT NULL,
 "MATCH_MODE" INT NOT NULL,
 "NAME" VARCHAR(512) NOT NULL,
 "ENABLED" TINYINT NOT NULL,
 "LOGED" TINYINT NOT NULL,
 "SORT" INT NOT NULL,
 "HANDLE" VARCHAR(4096) NULL,
 "DATE_CREATED" TIMESTAMP(0) DEFAULT CURRENT_TIMESTAMP()
 NOT NULL,
 "DATE_UPDATED" TIMESTAMP(0) DEFAULT CURRENT_TIMESTAMP()
 NOT NULL
);

CREATE TABLE "SOUL"."RULE_CONDITION"
(
 "ID" VARCHAR(512) NOT NULL,
 "RULE_ID" VARCHAR(512) NOT NULL,
 "PARAM_TYPE" VARCHAR(256) NOT NULL,
 "OPERATOR" VARCHAR(256) NOT NULL,
 "PARAM_NAME" VARCHAR(256) NOT NULL,
 "PARAM_VALUE" VARCHAR(256) NOT NULL,
 "DATE_CREATED" TIMESTAMP(0) DEFAULT CURRENT_TIMESTAMP()
 NOT NULL,
 "DATE_UPDATED" TIMESTAMP(0) DEFAULT CURRENT_TIMESTAMP()
 NOT NULL
);

CREATE TABLE "SOUL"."SELECTOR"
(
 "ID" VARCHAR(512) NOT NULL,
 "PLUGIN_ID" VARCHAR(512) NOT NULL,
 "NAME" VARCHAR(256) NOT NULL,
 "MATCH_MODE" INT NOT NULL,
 "TYPE" INT NOT NULL,
 "SORT" INT NOT NULL,
 "HANDLE" VARCHAR(4096) NULL,
 "ENABLED" TINYINT NOT NULL,
 "LOGED" TINYINT NOT NULL,
 "CONTINUED" TINYINT NOT NULL,
 "DATE_CREATED" TIMESTAMP(0) DEFAULT CURRENT_TIMESTAMP()
 NOT NULL,
 "DATE_UPDATED" TIMESTAMP(0) DEFAULT CURRENT_TIMESTAMP()
 NOT NULL
);

CREATE TABLE "SOUL"."SELECTOR_CONDITION"
(
 "ID" VARCHAR(512) NOT NULL,
 "SELECTOR_ID" VARCHAR(512) NOT NULL,
 "PARAM_TYPE" VARCHAR(256) NOT NULL,
 "OPERATOR" VARCHAR(256) NOT NULL,
 "PARAM_NAME" VARCHAR(256) NOT NULL,
 "PARAM_VALUE" VARCHAR(256) NOT NULL,
 "DATE_CREATED" TIMESTAMP(0) DEFAULT CURRENT_TIMESTAMP()
 NOT NULL,
 "DATE_UPDATED" TIMESTAMP(0) DEFAULT CURRENT_TIMESTAMP()
 NOT NULL
);

CREATE TABLE "SOUL"."SOUL_DICT"
(
 "ID" VARCHAR(512) NOT NULL,
 "TYPE" VARCHAR(400) NOT NULL,
 "DICT_CODE" VARCHAR(400) NOT NULL,
 "DICT_NAME" VARCHAR(400) NOT NULL,
 "DICT_VALUE" VARCHAR(400) NULL,
 "DESC" VARCHAR(1020) NULL,
 "SORT" INT NOT NULL,
 "ENABLED" TINYINT NULL,
 "DATE_CREATED" TIMESTAMP(0) DEFAULT CURRENT_TIMESTAMP()
 NOT NULL,
 "DATE_UPDATED" TIMESTAMP(0) DEFAULT CURRENT_TIMESTAMP()
 NOT NULL
);

CREATE TABLE "SOUL"."USER_ROLE"
(
 "ID" VARCHAR(512) NOT NULL,
 "USER_ID" VARCHAR(512) NOT NULL,
 "ROLE_ID" VARCHAR(512) NOT NULL,
 "DATE_CREATED" TIMESTAMP(0) DEFAULT CURRENT_TIMESTAMP()
 NOT NULL,
 "DATE_UPDATED" TIMESTAMP(0) DEFAULT CURRENT_TIMESTAMP()
 NOT NULL
);

CREATE TABLE "SOUL"."APP_AUTH"
(
 "ID" VARCHAR(512) NOT NULL,
 "APP_KEY" VARCHAR(128) NOT NULL,
 "APP_SECRET" VARCHAR(512) NOT NULL,
 "USER_ID" VARCHAR(512) NULL,
 "PHONE" VARCHAR(1020) NULL,
 "EXT_INFO" VARCHAR(4096) NULL,
 "OPEN" TINYINT NOT NULL,
 "ENABLED" TINYINT NOT NULL,
 "DATE_CREATED" TIMESTAMP(0) DEFAULT CURRENT_TIMESTAMP()
 NOT NULL,
 "DATE_UPDATED" TIMESTAMP(0) DEFAULT CURRENT_TIMESTAMP()
 NOT NULL
);

INSERT INTO "SOUL"."USER_ROLE"("ID","USER_ID","ROLE_ID","DATE_CREATED","DATE_UPDATED") VALUES('1351007709096976384','1','1346358560427216896','2021-01-18 11:25:13','2021-01-18 11:25:13');
INSERT INTO "SOUL"."USER_ROLE"("ID","USER_ID","ROLE_ID","DATE_CREATED","DATE_UPDATED") VALUES('1404985933779447808','1404985933771059200','1404985710743138304','2021-06-16 10:15:25','2021-06-16 10:15:24');

INSERT INTO "SOUL"."SOUL_DICT"("ID","TYPE","DICT_CODE","DICT_NAME","DICT_VALUE","DESC","SORT","ENABLED","DATE_CREATED","DATE_UPDATED") VALUES('1','degradeRuleGrade','DEGRADE_GRADE_RT','slow call ratio','0','degrade type-slow call ratio',1,1,'2020-11-18 14:39:56','2020-11-20 15:43:43');
INSERT INTO "SOUL"."SOUL_DICT"("ID","TYPE","DICT_CODE","DICT_NAME","DICT_VALUE","DESC","SORT","ENABLED","DATE_CREATED","DATE_UPDATED") VALUES('10','permission','REJECT','reject','reject','reject',0,1,'2020-11-22 12:04:10','2020-11-22 12:04:10');
INSERT INTO "SOUL"."SOUL_DICT"("ID","TYPE","DICT_CODE","DICT_NAME","DICT_VALUE","DESC","SORT","ENABLED","DATE_CREATED","DATE_UPDATED") VALUES('11','permission','ALLOW','allow','allow','allow',1,1,'2020-11-22 12:04:10','2020-11-22 12:04:10');
INSERT INTO "SOUL"."SOUL_DICT"("ID","TYPE","DICT_CODE","DICT_NAME","DICT_VALUE","DESC","SORT","ENABLED","DATE_CREATED","DATE_UPDATED") VALUES('12','mode','MODE','cluster','cluster','cluster',0,1,'2020-12-25 00:00:00','2020-12-25 00:00:00');
INSERT INTO "SOUL"."SOUL_DICT"("ID","TYPE","DICT_CODE","DICT_NAME","DICT_VALUE","DESC","SORT","ENABLED","DATE_CREATED","DATE_UPDATED") VALUES('13','mode','MODE','sentinel','sentinel','sentinel',1,1,'2020-12-25 00:00:00','2020-12-25 00:00:00');
INSERT INTO "SOUL"."SOUL_DICT"("ID","TYPE","DICT_CODE","DICT_NAME","DICT_VALUE","DESC","SORT","ENABLED","DATE_CREATED","DATE_UPDATED") VALUES('14','mode','MODE','standalone','standalone','standalone',2,1,'2020-12-25 00:00:00','2020-12-25 00:00:00');
INSERT INTO "SOUL"."SOUL_DICT"("ID","TYPE","DICT_CODE","DICT_NAME","DICT_VALUE","DESC","SORT","ENABLED","DATE_CREATED","DATE_UPDATED") VALUES('15','algorithmName','ALGORITHM_SLIDINGWINDOW','slidingWindow','slidingWindow','Sliding window algorithm',0,1,'2020-11-20 15:42:03','2020-11-20 15:42:03');
INSERT INTO "SOUL"."SOUL_DICT"("ID","TYPE","DICT_CODE","DICT_NAME","DICT_VALUE","DESC","SORT","ENABLED","DATE_CREATED","DATE_UPDATED") VALUES('16','algorithmName','ALGORITHM_LEAKYBUCKET','leakyBucket','leakyBucket','Leaky bucket algorithm',1,1,'2020-11-20 15:44:44','2020-11-20 15:44:44');
INSERT INTO "SOUL"."SOUL_DICT"("ID","TYPE","DICT_CODE","DICT_NAME","DICT_VALUE","DESC","SORT","ENABLED","DATE_CREATED","DATE_UPDATED") VALUES('17','algorithmName','ALGORITHM_CONCURRENT','concurrent','concurrent','Concurrent algorithm',2,1,'2020-11-20 15:42:03','2020-11-20 15:42:03');
INSERT INTO "SOUL"."SOUL_DICT"("ID","TYPE","DICT_CODE","DICT_NAME","DICT_VALUE","DESC","SORT","ENABLED","DATE_CREATED","DATE_UPDATED") VALUES('18','algorithmName','ALGORITHM_TOKENBUCKET','tokenBucket','tokenBucket','Token bucket algorithm',3,1,'2020-11-20 15:44:44','2020-11-20 15:44:44');
INSERT INTO "SOUL"."SOUL_DICT"("ID","TYPE","DICT_CODE","DICT_NAME","DICT_VALUE","DESC","SORT","ENABLED","DATE_CREATED","DATE_UPDATED") VALUES('19','loadBalance','LOAD_BALANCE','roundRobin','roundRobin','roundRobin',2,1,'2021-03-08 19:11:35','2021-03-08 19:11:35');
INSERT INTO "SOUL"."SOUL_DICT"("ID","TYPE","DICT_CODE","DICT_NAME","DICT_VALUE","DESC","SORT","ENABLED","DATE_CREATED","DATE_UPDATED") VALUES('2','degradeRuleGrade','DEGRADE_GRADE_EXCEPTION_RATIO','exception ratio','1','degrade type-abnormal ratio',0,1,'2020-11-18 16:42:34','2020-11-20 15:42:58');
INSERT INTO "SOUL"."SOUL_DICT"("ID","TYPE","DICT_CODE","DICT_NAME","DICT_VALUE","DESC","SORT","ENABLED","DATE_CREATED","DATE_UPDATED") VALUES('20','loadBalance','LOAD_BALANCE','random','random','random',1,1,'2021-03-08 19:10:17','2021-03-08 19:10:17');
INSERT INTO "SOUL"."SOUL_DICT"("ID","TYPE","DICT_CODE","DICT_NAME","DICT_VALUE","DESC","SORT","ENABLED","DATE_CREATED","DATE_UPDATED") VALUES('21','loadBalance','LOAD_BALANCE','hash','hash','hash',0,1,'2021-03-08 19:09:10','2021-03-08 19:09:10');
INSERT INTO "SOUL"."SOUL_DICT"("ID","TYPE","DICT_CODE","DICT_NAME","DICT_VALUE","DESC","SORT","ENABLED","DATE_CREATED","DATE_UPDATED") VALUES('22','status','DIVIDE_STATUS','close','false','close',1,1,'2021-03-08 14:21:58','2021-03-08 14:21:58');
INSERT INTO "SOUL"."SOUL_DICT"("ID","TYPE","DICT_CODE","DICT_NAME","DICT_VALUE","DESC","SORT","ENABLED","DATE_CREATED","DATE_UPDATED") VALUES('23','status','DIVIDE_STATUS','open','true','open',0,1,'2021-03-08 14:21:32','2021-03-08 14:21:32');
INSERT INTO "SOUL"."SOUL_DICT"("ID","TYPE","DICT_CODE","DICT_NAME","DICT_VALUE","DESC","SORT","ENABLED","DATE_CREATED","DATE_UPDATED") VALUES('24','multiRuleHandle','MULTI_RULE_HANDLE','multiple rule','1','multiple rule',1,1,'2021-03-08 13:40:38','2021-03-08 13:40:38');
INSERT INTO "SOUL"."SOUL_DICT"("ID","TYPE","DICT_CODE","DICT_NAME","DICT_VALUE","DESC","SORT","ENABLED","DATE_CREATED","DATE_UPDATED") VALUES('25','multiRuleHandle','MULTI_RULE_HANDLE','single rule','0','single rule',0,1,'2021-03-08 13:39:30','2021-03-08 13:39:30');
INSERT INTO "SOUL"."SOUL_DICT"("ID","TYPE","DICT_CODE","DICT_NAME","DICT_VALUE","DESC","SORT","ENABLED","DATE_CREATED","DATE_UPDATED") VALUES('26','multiSelectorHandle','MULTI_SELECTOR_HANDLE','multiple handle','1','multiple handle',1,1,'2021-03-08 13:26:48','2021-03-08 13:39:54');
INSERT INTO "SOUL"."SOUL_DICT"("ID","TYPE","DICT_CODE","DICT_NAME","DICT_VALUE","DESC","SORT","ENABLED","DATE_CREATED","DATE_UPDATED") VALUES('27','multiSelectorHandle','MULTI_SELECTOR_HANDLE','single handle','0','single handle',0,1,'2021-03-08 13:26:05','2021-03-08 13:27:54');
INSERT INTO "SOUL"."SOUL_DICT"("ID","TYPE","DICT_CODE","DICT_NAME","DICT_VALUE","DESC","SORT","ENABLED","DATE_CREATED","DATE_UPDATED") VALUES('3','degradeRuleGrade','DEGRADE_GRADE_EXCEPTION_COUNT','exception number strategy','2','degrade type-abnormal number strategy',2,1,'2020-11-19 16:23:45','2020-11-20 16:01:00');
INSERT INTO "SOUL"."SOUL_DICT"("ID","TYPE","DICT_CODE","DICT_NAME","DICT_VALUE","DESC","SORT","ENABLED","DATE_CREATED","DATE_UPDATED") VALUES('4','flowRuleGrade','FLOW_GRADE_QPS','QPS','1','grade type-QPS',0,1,'2020-11-20 15:42:03','2020-11-20 15:42:03');
INSERT INTO "SOUL"."SOUL_DICT"("ID","TYPE","DICT_CODE","DICT_NAME","DICT_VALUE","DESC","SORT","ENABLED","DATE_CREATED","DATE_UPDATED") VALUES('5','flowRuleGrade','FLOW_GRADE_THREAD','number of concurrent threads','0','degrade type-number of concurrent threads',1,1,'2020-11-20 15:44:44','2020-11-20 15:44:44');
INSERT INTO "SOUL"."SOUL_DICT"("ID","TYPE","DICT_CODE","DICT_NAME","DICT_VALUE","DESC","SORT","ENABLED","DATE_CREATED","DATE_UPDATED") VALUES('6','flowRuleControlBehavior','CONTROL_BEHAVIOR_DEFAULT','direct rejection by default','0','control behavior-direct rejection by default',0,1,'2020-11-20 15:46:22','2020-11-20 15:48:36');
INSERT INTO "SOUL"."SOUL_DICT"("ID","TYPE","DICT_CODE","DICT_NAME","DICT_VALUE","DESC","SORT","ENABLED","DATE_CREATED","DATE_UPDATED") VALUES('7','flowRuleControlBehavior','CONTROL_BEHAVIOR_WARM_UP','warm up','1','control behavior-warm up',1,1,'2020-11-20 15:47:05','2020-11-20 15:47:05');
INSERT INTO "SOUL"."SOUL_DICT"("ID","TYPE","DICT_CODE","DICT_NAME","DICT_VALUE","DESC","SORT","ENABLED","DATE_CREATED","DATE_UPDATED") VALUES('8','flowRuleControlBehavior','CONTROL_BEHAVIOR_RATE_LIMITER','constant speed queuing','2','control behavior-uniform speed queuing',2,1,'2020-11-20 15:49:45','2020-11-20 15:49:45');
INSERT INTO "SOUL"."SOUL_DICT"("ID","TYPE","DICT_CODE","DICT_NAME","DICT_VALUE","DESC","SORT","ENABLED","DATE_CREATED","DATE_UPDATED") VALUES('9','flowRuleControlBehavior','CONTROL_BEHAVIOR_WARM_UP_RATE_LIMITER','preheating uniformly queued','3','control behavior-preheating uniformly queued',3,1,'2020-11-20 15:51:25','2020-11-20 15:51:37');

INSERT INTO "SOUL"."SELECTOR_CONDITION"("ID","SELECTOR_ID","PARAM_TYPE","OPERATOR","PARAM_NAME","PARAM_VALUE","DATE_CREATED","DATE_UPDATED") VALUES('1404695131292643328','1404695131275866112','uri','match','/','/demo/**','2021-06-15 14:59:52','2021-06-15 14:59:52');
INSERT INTO "SOUL"."SELECTOR_CONDITION"("ID","SELECTOR_ID","PARAM_TYPE","OPERATOR","PARAM_NAME","PARAM_VALUE","DATE_CREATED","DATE_UPDATED") VALUES('1404695292253253632','1404695292244865024','uri','match','/','//**','2021-06-15 15:00:30','2021-06-15 15:00:30');
INSERT INTO "SOUL"."SELECTOR_CONDITION"("ID","SELECTOR_ID","PARAM_TYPE","OPERATOR","PARAM_NAME","PARAM_VALUE","DATE_CREATED","DATE_UPDATED") VALUES('1404703995689906176','1404703995681517568','uri','match','/','/demo/**','2021-06-15 15:35:05','2021-06-15 15:35:05');
INSERT INTO "SOUL"."SELECTOR_CONDITION"("ID","SELECTOR_ID","PARAM_TYPE","OPERATOR","PARAM_NAME","PARAM_VALUE","DATE_CREATED","DATE_UPDATED") VALUES('1404749888292073472','1404749888275296256','uri','=','/','','2021-06-15 18:37:27','2021-06-15 18:37:27');

INSERT INTO "SOUL"."SELECTOR"("ID","PLUGIN_ID","NAME","MATCH_MODE","TYPE","SORT","HANDLE","ENABLED","LOGED","CONTINUED","DATE_CREATED","DATE_UPDATED") VALUES('1404695131275866112','14','/context-path/demo',0,1,1,null,1,1,1,'2021-06-15 14:59:52','2021-06-15 14:59:52');
INSERT INTO "SOUL"."SELECTOR"("ID","PLUGIN_ID","NAME","MATCH_MODE","TYPE","SORT","HANDLE","ENABLED","LOGED","CONTINUED","DATE_CREATED","DATE_UPDATED") VALUES('1404695292244865024','14','/context-path/',0,1,1,null,1,1,1,'2021-06-15 15:00:30','2021-06-15 15:00:30');
INSERT INTO "SOUL"."SELECTOR"("ID","PLUGIN_ID","NAME","MATCH_MODE","TYPE","SORT","HANDLE","ENABLED","LOGED","CONTINUED","DATE_CREATED","DATE_UPDATED") VALUES('1404703995681517568','5','/demo',0,1,1,'[{"upstreamHost":"localhost","protocol":"http://","upstreamUrl":"192.168.20.64:8080","weight":50,"status":true,"timestamp":1623758911190,"warmup":0}]',1,1,1,'2021-06-15 15:35:05','2021-06-15 15:35:05');
INSERT INTO "SOUL"."SELECTOR"("ID","PLUGIN_ID","NAME","MATCH_MODE","TYPE","SORT","HANDLE","ENABLED","LOGED","CONTINUED","DATE_CREATED","DATE_UPDATED") VALUES('1404749888275296256','10','sentinel',0,0,1,null,1,1,1,'2021-06-15 18:37:27','2021-06-15 18:37:27');

INSERT INTO "SOUL"."RULE_CONDITION"("ID","RULE_ID","PARAM_TYPE","OPERATOR","PARAM_NAME","PARAM_VALUE","DATE_CREATED","DATE_UPDATED") VALUES('1404695131351363584','1404695131326197760','uri','match','/','/demo/**','2021-06-15 14:59:52','2021-06-15 14:59:52');
INSERT INTO "SOUL"."RULE_CONDITION"("ID","RULE_ID","PARAM_TYPE","OPERATOR","PARAM_NAME","PARAM_VALUE","DATE_CREATED","DATE_UPDATED") VALUES('1404695292282613760','1404695292274225152','uri','match','/','//**','2021-06-15 15:00:30','2021-06-15 15:00:30');
INSERT INTO "SOUL"."RULE_CONDITION"("ID","RULE_ID","PARAM_TYPE","OPERATOR","PARAM_NAME","PARAM_VALUE","DATE_CREATED","DATE_UPDATED") VALUES('1404703995803152384','1404703995790569472','uri','match','/','/demo/test/**','2021-06-15 15:35:05','2021-06-15 15:35:05');
INSERT INTO "SOUL"."RULE_CONDITION"("ID","RULE_ID","PARAM_TYPE","OPERATOR","PARAM_NAME","PARAM_VALUE","DATE_CREATED","DATE_UPDATED") VALUES('1404750084795215872','1404750084778438656','uri','match','/','/demo/**','2021-06-15 20:13:55','2021-06-15 20:13:55');

INSERT INTO "SOUL"."RULE"("ID","SELECTOR_ID","MATCH_MODE","NAME","ENABLED","LOGED","SORT","HANDLE","DATE_CREATED","DATE_UPDATED") VALUES('1404695131326197760','1404695131275866112',0,'/context-path/demo',1,1,1,'{"contextPath":"/demo"}','2021-06-15 14:59:52','2021-06-15 14:59:52');
INSERT INTO "SOUL"."RULE"("ID","SELECTOR_ID","MATCH_MODE","NAME","ENABLED","LOGED","SORT","HANDLE","DATE_CREATED","DATE_UPDATED") VALUES('1404695292274225152','1404695292244865024',0,'/context-path/',1,1,1,'{"contextPath":"/**"}','2021-06-15 15:00:30','2021-06-15 15:00:30');
INSERT INTO "SOUL"."RULE"("ID","SELECTOR_ID","MATCH_MODE","NAME","ENABLED","LOGED","SORT","HANDLE","DATE_CREATED","DATE_UPDATED") VALUES('1404703995790569472','1404703995681517568',0,'/demo/test/**',1,1,1,'{"loadBalance":"random","retry":0,"timeout":3000}','2021-06-15 15:35:05','2021-06-15 15:35:05');
INSERT INTO "SOUL"."RULE"("ID","SELECTOR_ID","MATCH_MODE","NAME","ENABLED","LOGED","SORT","HANDLE","DATE_CREATED","DATE_UPDATED") VALUES('1404750084778438656','1404749888275296256',0,'sentinel-1',1,1,1,'{"degradeRuleCount":"0","degradeRuleEnable":1,"degradeRuleGrade":"0","degradeRuleTimeWindow":"5","flowRuleControlBehavior":"0","flowRuleCount":"1","flowRuleEnable":"1","flowRuleGrade":"1"}','2021-06-15 18:38:14','2021-06-15 20:13:55');

INSERT INTO "SOUL"."ROLE"("ID","ROLE_NAME","DESCRIPTION","DATE_CREATED","DATE_UPDATED") VALUES('1346358560427216896','super','超级管理员','2021-01-05 01:31:10','2021-01-08 17:00:07');
INSERT INTO "SOUL"."ROLE"("ID","ROLE_NAME","DESCRIPTION","DATE_CREATED","DATE_UPDATED") VALUES('1404985710743138304','自定义角色1','测试','2021-06-16 10:14:31','2021-06-16 10:14:50');

INSERT INTO "SOUL"."RESOURCE"("ID","PARENT_ID","TITLE","NAME","URL","COMPONENT","RESOURCE_TYPE","SORT","ICON","IS_LEAF","IS_ROUTE","PERMS","STATUS","DATE_CREATED","DATE_UPDATED") VALUES('1346775491550474240','','SOUL.MENU.PLUGIN.LIST','plug','/plug','PluginList',0,0,'dashboard',0,0,'',1,'2021-01-06 05:07:54','2021-01-07 18:34:11');
INSERT INTO "SOUL"."RESOURCE"("ID","PARENT_ID","TITLE","NAME","URL","COMPONENT","RESOURCE_TYPE","SORT","ICON","IS_LEAF","IS_ROUTE","PERMS","STATUS","DATE_CREATED","DATE_UPDATED") VALUES('1346776175553376256','','SOUL.MENU.SYSTEM.MANAGMENT','system','/system','system',0,2,'setting',0,0,'',1,'2021-01-06 05:10:37','2021-01-07 11:41:02');
INSERT INTO "SOUL"."RESOURCE"("ID","PARENT_ID","TITLE","NAME","URL","COMPONENT","RESOURCE_TYPE","SORT","ICON","IS_LEAF","IS_ROUTE","PERMS","STATUS","DATE_CREATED","DATE_UPDATED") VALUES('1346777157943259136','1346776175553376256','SOUL.MENU.SYSTEM.MANAGMENT.USER','manage','/system/manage','manage',1,1,'user',0,0,'',1,'2021-01-06 05:14:31','2021-01-15 23:46:34');
INSERT INTO "SOUL"."RESOURCE"("ID","PARENT_ID","TITLE","NAME","URL","COMPONENT","RESOURCE_TYPE","SORT","ICON","IS_LEAF","IS_ROUTE","PERMS","STATUS","DATE_CREATED","DATE_UPDATED") VALUES('1346777449787125760','1357956838021890048','SOUL.MENU.SYSTEM.MANAGMENT.PLUGIN','plugin','/config/plugin','plugin',1,2,'book',0,0,'',1,'2021-01-06 05:15:41','2021-01-15 23:46:35');
INSERT INTO "SOUL"."RESOURCE"("ID","PARENT_ID","TITLE","NAME","URL","COMPONENT","RESOURCE_TYPE","SORT","ICON","IS_LEAF","IS_ROUTE","PERMS","STATUS","DATE_CREATED","DATE_UPDATED") VALUES('1346777623011880960','1357956838021890048','SOUL.PLUGIN.PLUGINHANDLE','pluginhandle','/config/pluginhandle','pluginhandle',1,3,'down-square',0,0,'',1,'2021-01-06 05:16:22','2021-01-15 23:46:36');
INSERT INTO "SOUL"."RESOURCE"("ID","PARENT_ID","TITLE","NAME","URL","COMPONENT","RESOURCE_TYPE","SORT","ICON","IS_LEAF","IS_ROUTE","PERMS","STATUS","DATE_CREATED","DATE_UPDATED") VALUES('1346777766301888512','1357956838021890048','SOUL.MENU.SYSTEM.MANAGMENT.AUTHEN','auth','/config/auth','auth',1,4,'audit',0,0,'',1,'2021-01-06 05:16:56','2021-01-15 23:46:37');
INSERT INTO "SOUL"."RESOURCE"("ID","PARENT_ID","TITLE","NAME","URL","COMPONENT","RESOURCE_TYPE","SORT","ICON","IS_LEAF","IS_ROUTE","PERMS","STATUS","DATE_CREATED","DATE_UPDATED") VALUES('1346777907096285184','1357956838021890048','SOUL.MENU.SYSTEM.MANAGMENT.METADATA','metadata','/config/metadata','metadata',1,5,'snippets',0,0,'',1,'2021-01-06 05:17:30','2021-01-15 23:46:39');
INSERT INTO "SOUL"."RESOURCE"("ID","PARENT_ID","TITLE","NAME","URL","COMPONENT","RESOURCE_TYPE","SORT","ICON","IS_LEAF","IS_ROUTE","PERMS","STATUS","DATE_CREATED","DATE_UPDATED") VALUES('1346778036402483200','1357956838021890048','SOUL.MENU.SYSTEM.MANAGMENT.DICTIONARY','dict','/config/dict','dict',1,6,'ordered-list',0,0,'',1,'2021-01-06 05:18:00','2021-01-15 23:46:41');
INSERT INTO "SOUL"."RESOURCE"("ID","PARENT_ID","TITLE","NAME","URL","COMPONENT","RESOURCE_TYPE","SORT","ICON","IS_LEAF","IS_ROUTE","PERMS","STATUS","DATE_CREATED","DATE_UPDATED") VALUES('1347026381504262144','1346775491550474240','divide','divide','/plug/divide','divide',1,0,'border-bottom',0,0,'',1,'2021-01-06 21:44:51','2021-01-17 16:01:47');
INSERT INTO "SOUL"."RESOURCE"("ID","PARENT_ID","TITLE","NAME","URL","COMPONENT","RESOURCE_TYPE","SORT","ICON","IS_LEAF","IS_ROUTE","PERMS","STATUS","DATE_CREATED","DATE_UPDATED") VALUES('1347026805170909184','1346775491550474240','hystrix','hystrix','/plug/hystrix','hystrix',1,1,'stop',0,0,'',1,'2021-01-06 21:46:32','2021-01-07 11:46:31');
INSERT INTO "SOUL"."RESOURCE"("ID","PARENT_ID","TITLE","NAME","URL","COMPONENT","RESOURCE_TYPE","SORT","ICON","IS_LEAF","IS_ROUTE","PERMS","STATUS","DATE_CREATED","DATE_UPDATED") VALUES('1347027413357572096','1346775491550474240','rewrite','rewrite','/plug/rewrite','rewrite',1,2,'redo',0,0,'',1,'2021-01-06 21:48:57','2021-01-07 11:48:56');
INSERT INTO "SOUL"."RESOURCE"("ID","PARENT_ID","TITLE","NAME","URL","COMPONENT","RESOURCE_TYPE","SORT","ICON","IS_LEAF","IS_ROUTE","PERMS","STATUS","DATE_CREATED","DATE_UPDATED") VALUES('1347027413357572097','1346775491550474240','redirect','redirect','/plug/redirect','redirect',1,16,'redo',0,0,'',1,'2021-01-06 21:48:57','2021-01-07 11:48:56');
INSERT INTO "SOUL"."RESOURCE"("ID","PARENT_ID","TITLE","NAME","URL","COMPONENT","RESOURCE_TYPE","SORT","ICON","IS_LEAF","IS_ROUTE","PERMS","STATUS","DATE_CREATED","DATE_UPDATED") VALUES('1347027482244820992','1346775491550474240','springCloud','springCloud','/plug/springCloud','springCloud',1,3,'ant-cloud',0,0,'',1,'2021-01-06 21:49:13','2021-01-07 11:49:12');
INSERT INTO "SOUL"."RESOURCE"("ID","PARENT_ID","TITLE","NAME","URL","COMPONENT","RESOURCE_TYPE","SORT","ICON","IS_LEAF","IS_ROUTE","PERMS","STATUS","DATE_CREATED","DATE_UPDATED") VALUES('1347027526339538944','1346775491550474240','sign','sign','/plug/sign','sign',1,5,'highlight',0,0,'',1,'2021-01-06 21:49:23','2021-01-07 14:12:07');
INSERT INTO "SOUL"."RESOURCE"("ID","PARENT_ID","TITLE","NAME","URL","COMPONENT","RESOURCE_TYPE","SORT","ICON","IS_LEAF","IS_ROUTE","PERMS","STATUS","DATE_CREATED","DATE_UPDATED") VALUES('1347027566034432000','1346775491550474240','waf','waf','/plug/waf','waf',1,6,'database',0,0,'',1,'2021-01-06 21:49:33','2021-01-07 14:12:09');
INSERT INTO "SOUL"."RESOURCE"("ID","PARENT_ID","TITLE","NAME","URL","COMPONENT","RESOURCE_TYPE","SORT","ICON","IS_LEAF","IS_ROUTE","PERMS","STATUS","DATE_CREATED","DATE_UPDATED") VALUES('1347027647999520768','1346775491550474240','rate_limiter','rate_limiter','/plug/rate_limiter','rate_limiter',1,7,'pause',0,0,'',1,'2021-01-06 21:49:53','2021-01-07 14:12:11');
INSERT INTO "SOUL"."RESOURCE"("ID","PARENT_ID","TITLE","NAME","URL","COMPONENT","RESOURCE_TYPE","SORT","ICON","IS_LEAF","IS_ROUTE","PERMS","STATUS","DATE_CREATED","DATE_UPDATED") VALUES('1347027717792739328','1346775491550474240','dubbo','dubbo','/plug/dubbo','dubbo',1,8,'align-left',0,0,'',1,'2021-01-06 21:50:09','2021-01-07 14:12:12');
INSERT INTO "SOUL"."RESOURCE"("ID","PARENT_ID","TITLE","NAME","URL","COMPONENT","RESOURCE_TYPE","SORT","ICON","IS_LEAF","IS_ROUTE","PERMS","STATUS","DATE_CREATED","DATE_UPDATED") VALUES('1347027769747582976','1346775491550474240','monitor','monitor','/plug/monitor','monitor',1,9,'camera',0,0,'',1,'2021-01-06 21:50:22','2021-01-07 14:12:14');
INSERT INTO "SOUL"."RESOURCE"("ID","PARENT_ID","TITLE","NAME","URL","COMPONENT","RESOURCE_TYPE","SORT","ICON","IS_LEAF","IS_ROUTE","PERMS","STATUS","DATE_CREATED","DATE_UPDATED") VALUES('1347027830602739712','1346775491550474240','sentinel','sentinel','/plug/sentinel','sentinel',1,10,'pic-center',0,0,'',1,'2021-01-06 21:50:36','2021-01-07 14:12:16');
INSERT INTO "SOUL"."RESOURCE"("ID","PARENT_ID","TITLE","NAME","URL","COMPONENT","RESOURCE_TYPE","SORT","ICON","IS_LEAF","IS_ROUTE","PERMS","STATUS","DATE_CREATED","DATE_UPDATED") VALUES('1347027918121086976','1346775491550474240','resilience4j','resilience4j','/plug/resilience4j','resilience4j',1,11,'pic-left',0,0,'',1,'2021-01-06 21:50:57','2021-01-07 14:12:20');
INSERT INTO "SOUL"."RESOURCE"("ID","PARENT_ID","TITLE","NAME","URL","COMPONENT","RESOURCE_TYPE","SORT","ICON","IS_LEAF","IS_ROUTE","PERMS","STATUS","DATE_CREATED","DATE_UPDATED") VALUES('1347027995199811584','1346775491550474240','tars','tars','/plug/tars','tars',1,12,'border-bottom',0,0,'',1,'2021-01-06 21:51:15','2021-01-07 14:12:21');
INSERT INTO "SOUL"."RESOURCE"("ID","PARENT_ID","TITLE","NAME","URL","COMPONENT","RESOURCE_TYPE","SORT","ICON","IS_LEAF","IS_ROUTE","PERMS","STATUS","DATE_CREATED","DATE_UPDATED") VALUES('1347028169120821248','1346775491550474240','context_path','context_path','/plug/context_path','context_path',1,13,'retweet',0,0,'',1,'2021-01-06 21:51:57','2021-01-07 14:12:24');
INSERT INTO "SOUL"."RESOURCE"("ID","PARENT_ID","TITLE","NAME","URL","COMPONENT","RESOURCE_TYPE","SORT","ICON","IS_LEAF","IS_ROUTE","PERMS","STATUS","DATE_CREATED","DATE_UPDATED") VALUES('1347028169120821249','1346775491550474240','grpc','grpc','/plug/grpc','grpc',1,15,'retweet',0,0,'',1,'2021-01-06 21:51:57','2021-01-07 14:12:24');
INSERT INTO "SOUL"."RESOURCE"("ID","PARENT_ID","TITLE","NAME","URL","COMPONENT","RESOURCE_TYPE","SORT","ICON","IS_LEAF","IS_ROUTE","PERMS","STATUS","DATE_CREATED","DATE_UPDATED") VALUES('1347032308726902784','1346777157943259136','SOUL.BUTTON.SYSTEM.ADD','','','',2,0,'',1,0,'system:manager:add',1,'2021-01-06 22:08:24','2021-01-17 11:21:44');
INSERT INTO "SOUL"."RESOURCE"("ID","PARENT_ID","TITLE","NAME","URL","COMPONENT","RESOURCE_TYPE","SORT","ICON","IS_LEAF","IS_ROUTE","PERMS","STATUS","DATE_CREATED","DATE_UPDATED") VALUES('1347032395901317120','1346777157943259136','SOUL.BUTTON.SYSTEM.LIST','','','',2,1,'',1,0,'system:manager:list',1,'2021-01-06 22:08:44','2021-01-17 11:21:44');
INSERT INTO "SOUL"."RESOURCE"("ID","PARENT_ID","TITLE","NAME","URL","COMPONENT","RESOURCE_TYPE","SORT","ICON","IS_LEAF","IS_ROUTE","PERMS","STATUS","DATE_CREATED","DATE_UPDATED") VALUES('1347032453707214848','1346777157943259136','SOUL.BUTTON.SYSTEM.DELETE','','','',2,2,'',1,0,'system:manager:delete',1,'2021-01-06 22:08:58','2021-01-17 11:21:44');
INSERT INTO "SOUL"."RESOURCE"("ID","PARENT_ID","TITLE","NAME","URL","COMPONENT","RESOURCE_TYPE","SORT","ICON","IS_LEAF","IS_ROUTE","PERMS","STATUS","DATE_CREATED","DATE_UPDATED") VALUES('1347032509051056128','1346777157943259136','SOUL.BUTTON.SYSTEM.EDIT','','','',2,3,'',1,0,'system:manager:edit',1,'2021-01-06 22:09:11','2021-01-17 11:21:44');
INSERT INTO "SOUL"."RESOURCE"("ID","PARENT_ID","TITLE","NAME","URL","COMPONENT","RESOURCE_TYPE","SORT","ICON","IS_LEAF","IS_ROUTE","PERMS","STATUS","DATE_CREATED","DATE_UPDATED") VALUES('1347034027070337024','1346777449787125760','SOUL.BUTTON.SYSTEM.LIST','','','',2,0,'',1,0,'system:plugin:list',1,'2021-01-06 22:15:00','2021-01-17 11:21:44');
INSERT INTO "SOUL"."RESOURCE"("ID","PARENT_ID","TITLE","NAME","URL","COMPONENT","RESOURCE_TYPE","SORT","ICON","IS_LEAF","IS_ROUTE","PERMS","STATUS","DATE_CREATED","DATE_UPDATED") VALUES('1347039054925148160','1346777449787125760','SOUL.BUTTON.SYSTEM.DELETE','','','',2,1,'',1,0,'system:plugin:delete',1,'2021-01-06 22:34:38','2021-01-17 11:21:44');
INSERT INTO "SOUL"."RESOURCE"("ID","PARENT_ID","TITLE","NAME","URL","COMPONENT","RESOURCE_TYPE","SORT","ICON","IS_LEAF","IS_ROUTE","PERMS","STATUS","DATE_CREATED","DATE_UPDATED") VALUES('1347041326749691904','1346777449787125760','SOUL.BUTTON.SYSTEM.ADD','','','',2,2,'',1,0,'system:plugin:add',1,'2021-01-06 22:44:14','2021-01-17 11:21:44');
INSERT INTO "SOUL"."RESOURCE"("ID","PARENT_ID","TITLE","NAME","URL","COMPONENT","RESOURCE_TYPE","SORT","ICON","IS_LEAF","IS_ROUTE","PERMS","STATUS","DATE_CREATED","DATE_UPDATED") VALUES('1347046566244003840','1346777449787125760','SOUL.BUTTON.SYSTEM.SYNCHRONIZE','','','',2,3,'',1,0,'system:plugin:modify',1,'2021-01-07 13:05:03','2021-01-17 12:06:23');
INSERT INTO "SOUL"."RESOURCE"("ID","PARENT_ID","TITLE","NAME","URL","COMPONENT","RESOURCE_TYPE","SORT","ICON","IS_LEAF","IS_ROUTE","PERMS","STATUS","DATE_CREATED","DATE_UPDATED") VALUES('1347047143350874112','1346777449787125760','SOUL.BUTTON.SYSTEM.ENABLE','','','',2,4,'',1,0,'system:plugin:disable',1,'2021-01-07 13:07:21','2021-01-17 11:21:44');
INSERT INTO "SOUL"."RESOURCE"("ID","PARENT_ID","TITLE","NAME","URL","COMPONENT","RESOURCE_TYPE","SORT","ICON","IS_LEAF","IS_ROUTE","PERMS","STATUS","DATE_CREATED","DATE_UPDATED") VALUES('1347047203220369408','1346777449787125760','SOUL.BUTTON.SYSTEM.EDIT','','','',2,5,'',1,0,'system:plugin:edit',1,'2021-01-07 13:07:35','2021-01-17 11:21:44');
INSERT INTO "SOUL"."RESOURCE"("ID","PARENT_ID","TITLE","NAME","URL","COMPONENT","RESOURCE_TYPE","SORT","ICON","IS_LEAF","IS_ROUTE","PERMS","STATUS","DATE_CREATED","DATE_UPDATED") VALUES('1347047555588042752','1346777623011880960','SOUL.BUTTON.SYSTEM.LIST','','','',2,0,'',1,0,'system:pluginHandler:list',1,'2021-01-07 13:08:59','2021-01-17 11:21:44');
INSERT INTO "SOUL"."RESOURCE"("ID","PARENT_ID","TITLE","NAME","URL","COMPONENT","RESOURCE_TYPE","SORT","ICON","IS_LEAF","IS_ROUTE","PERMS","STATUS","DATE_CREATED","DATE_UPDATED") VALUES('1347047640145211392','1346777623011880960','SOUL.BUTTON.SYSTEM.DELETE','','','',2,1,'',1,0,'system:pluginHandler:delete',1,'2021-01-07 13:09:19','2021-01-17 11:21:44');
INSERT INTO "SOUL"."RESOURCE"("ID","PARENT_ID","TITLE","NAME","URL","COMPONENT","RESOURCE_TYPE","SORT","ICON","IS_LEAF","IS_ROUTE","PERMS","STATUS","DATE_CREATED","DATE_UPDATED") VALUES('1347047695002513408','1346777623011880960','SOUL.BUTTON.SYSTEM.ADD','','','',2,2,'',1,0,'system:pluginHandler:add',1,'2021-01-07 13:09:32','2021-01-17 11:21:44');
INSERT INTO "SOUL"."RESOURCE"("ID","PARENT_ID","TITLE","NAME","URL","COMPONENT","RESOURCE_TYPE","SORT","ICON","IS_LEAF","IS_ROUTE","PERMS","STATUS","DATE_CREATED","DATE_UPDATED") VALUES('1347047747305484288','1346777623011880960','SOUL.BUTTON.SYSTEM.EDIT','','','',2,3,'',1,0,'system:pluginHandler:edit',1,'2021-01-07 13:09:45','2021-01-17 11:21:44');
INSERT INTO "SOUL"."RESOURCE"("ID","PARENT_ID","TITLE","NAME","URL","COMPONENT","RESOURCE_TYPE","SORT","ICON","IS_LEAF","IS_ROUTE","PERMS","STATUS","DATE_CREATED","DATE_UPDATED") VALUES('1347048004105940992','1346777766301888512','SOUL.BUTTON.SYSTEM.LIST','','','',2,0,'',1,0,'system:authen:list',1,'2021-01-07 13:10:46','2021-01-17 11:21:44');
INSERT INTO "SOUL"."RESOURCE"("ID","PARENT_ID","TITLE","NAME","URL","COMPONENT","RESOURCE_TYPE","SORT","ICON","IS_LEAF","IS_ROUTE","PERMS","STATUS","DATE_CREATED","DATE_UPDATED") VALUES('1347048101875167232','1346777766301888512','SOUL.BUTTON.SYSTEM.DELETE','','','',2,1,'',1,0,'system:authen:delete',1,'2021-01-07 13:11:09','2021-01-17 11:21:44');
INSERT INTO "SOUL"."RESOURCE"("ID","PARENT_ID","TITLE","NAME","URL","COMPONENT","RESOURCE_TYPE","SORT","ICON","IS_LEAF","IS_ROUTE","PERMS","STATUS","DATE_CREATED","DATE_UPDATED") VALUES('1347048145877610496','1346777766301888512','SOUL.BUTTON.SYSTEM.ADD','','','',2,2,'',1,0,'system:authen:add',1,'2021-01-07 13:11:20','2021-01-17 11:21:44');
INSERT INTO "SOUL"."RESOURCE"("ID","PARENT_ID","TITLE","NAME","URL","COMPONENT","RESOURCE_TYPE","SORT","ICON","IS_LEAF","IS_ROUTE","PERMS","STATUS","DATE_CREATED","DATE_UPDATED") VALUES('1347048240677269504','1346777766301888512','SOUL.BUTTON.SYSTEM.ENABLE','','','',2,3,'',1,0,'system:authen:disable',1,'2021-01-07 13:11:42','2021-01-17 11:21:44');
INSERT INTO "SOUL"."RESOURCE"("ID","PARENT_ID","TITLE","NAME","URL","COMPONENT","RESOURCE_TYPE","SORT","ICON","IS_LEAF","IS_ROUTE","PERMS","STATUS","DATE_CREATED","DATE_UPDATED") VALUES('1347048316216684544','1346777766301888512','SOUL.BUTTON.SYSTEM.SYNCHRONIZE','','','',2,4,'',1,0,'system:authen:modify',1,'2021-01-07 13:12:00','2021-01-17 12:06:23');
INSERT INTO "SOUL"."RESOURCE"("ID","PARENT_ID","TITLE","NAME","URL","COMPONENT","RESOURCE_TYPE","SORT","ICON","IS_LEAF","IS_ROUTE","PERMS","STATUS","DATE_CREATED","DATE_UPDATED") VALUES('1347048776029843456','1346777766301888512','SOUL.BUTTON.SYSTEM.EDIT','','','',2,5,'',1,0,'system:authen:edit',1,'2021-01-07 13:13:50','2021-01-17 11:21:44');
INSERT INTO "SOUL"."RESOURCE"("ID","PARENT_ID","TITLE","NAME","URL","COMPONENT","RESOURCE_TYPE","SORT","ICON","IS_LEAF","IS_ROUTE","PERMS","STATUS","DATE_CREATED","DATE_UPDATED") VALUES('1347048968414179328','1346777907096285184','SOUL.BUTTON.SYSTEM.LIST','','','',2,0,'',1,0,'system:meta:list',1,'2021-01-07 13:14:36','2021-01-17 11:21:44');
INSERT INTO "SOUL"."RESOURCE"("ID","PARENT_ID","TITLE","NAME","URL","COMPONENT","RESOURCE_TYPE","SORT","ICON","IS_LEAF","IS_ROUTE","PERMS","STATUS","DATE_CREATED","DATE_UPDATED") VALUES('1347049029323862016','1346777907096285184','SOUL.BUTTON.SYSTEM.DELETE','','','',2,1,'',1,0,'system:meta:delete',1,'2021-01-07 13:14:50','2021-01-17 11:21:44');
INSERT INTO "SOUL"."RESOURCE"("ID","PARENT_ID","TITLE","NAME","URL","COMPONENT","RESOURCE_TYPE","SORT","ICON","IS_LEAF","IS_ROUTE","PERMS","STATUS","DATE_CREATED","DATE_UPDATED") VALUES('1347049092552994816','1346777907096285184','SOUL.BUTTON.SYSTEM.ADD','','','',2,2,'',1,0,'system:meta:add',1,'2021-01-07 13:15:05','2021-01-17 11:21:44');
INSERT INTO "SOUL"."RESOURCE"("ID","PARENT_ID","TITLE","NAME","URL","COMPONENT","RESOURCE_TYPE","SORT","ICON","IS_LEAF","IS_ROUTE","PERMS","STATUS","DATE_CREATED","DATE_UPDATED") VALUES('1347049251395481600','1346777907096285184','SOUL.BUTTON.SYSTEM.ENABLE','','','',2,3,'',1,0,'system:meta:disable',1,'2021-01-07 13:15:43','2021-01-17 11:21:44');
INSERT INTO "SOUL"."RESOURCE"("ID","PARENT_ID","TITLE","NAME","URL","COMPONENT","RESOURCE_TYPE","SORT","ICON","IS_LEAF","IS_ROUTE","PERMS","STATUS","DATE_CREATED","DATE_UPDATED") VALUES('1347049317178945536','1346777907096285184','SOUL.BUTTON.SYSTEM.SYNCHRONIZE','','','',2,4,'',1,0,'system:meta:modify',1,'2021-01-07 13:15:59','2021-01-17 12:06:23');
INSERT INTO "SOUL"."RESOURCE"("ID","PARENT_ID","TITLE","NAME","URL","COMPONENT","RESOURCE_TYPE","SORT","ICON","IS_LEAF","IS_ROUTE","PERMS","STATUS","DATE_CREATED","DATE_UPDATED") VALUES('1347049370014593024','1346777907096285184','SOUL.BUTTON.SYSTEM.EDIT','','','',2,5,'',1,0,'system:meta:edit',1,'2021-01-07 13:16:11','2021-01-17 11:21:44');
INSERT INTO "SOUL"."RESOURCE"("ID","PARENT_ID","TITLE","NAME","URL","COMPONENT","RESOURCE_TYPE","SORT","ICON","IS_LEAF","IS_ROUTE","PERMS","STATUS","DATE_CREATED","DATE_UPDATED") VALUES('1347049542417264640','1346778036402483200','SOUL.BUTTON.SYSTEM.LIST','','','',2,0,'',1,0,'system:dict:list',1,'2021-01-07 13:16:53','2021-01-17 11:21:44');
INSERT INTO "SOUL"."RESOURCE"("ID","PARENT_ID","TITLE","NAME","URL","COMPONENT","RESOURCE_TYPE","SORT","ICON","IS_LEAF","IS_ROUTE","PERMS","STATUS","DATE_CREATED","DATE_UPDATED") VALUES('1347049598155370496','1346778036402483200','SOUL.BUTTON.SYSTEM.DELETE','','','',2,1,'',1,0,'system:dict:delete',1,'2021-01-07 13:17:06','2021-01-17 11:21:44');
INSERT INTO "SOUL"."RESOURCE"("ID","PARENT_ID","TITLE","NAME","URL","COMPONENT","RESOURCE_TYPE","SORT","ICON","IS_LEAF","IS_ROUTE","PERMS","STATUS","DATE_CREATED","DATE_UPDATED") VALUES('1347049659023110144','1346778036402483200','SOUL.BUTTON.SYSTEM.ADD','','','',2,2,'',1,0,'system:dict:add',1,'2021-01-07 13:17:20','2021-01-17 11:21:44');
INSERT INTO "SOUL"."RESOURCE"("ID","PARENT_ID","TITLE","NAME","URL","COMPONENT","RESOURCE_TYPE","SORT","ICON","IS_LEAF","IS_ROUTE","PERMS","STATUS","DATE_CREATED","DATE_UPDATED") VALUES('1347049731047698432','1346778036402483200','SOUL.BUTTON.SYSTEM.ENABLE','','','',2,3,'',1,0,'system:dict:disable',1,'2021-01-07 13:17:38','2021-01-17 11:21:44');
INSERT INTO "SOUL"."RESOURCE"("ID","PARENT_ID","TITLE","NAME","URL","COMPONENT","RESOURCE_TYPE","SORT","ICON","IS_LEAF","IS_ROUTE","PERMS","STATUS","DATE_CREATED","DATE_UPDATED") VALUES('1347049794008395776','1346778036402483200','SOUL.BUTTON.SYSTEM.EDIT','','','',2,4,'',1,0,'system:dict:edit',1,'2021-01-07 13:17:53','2021-01-17 11:21:44');
INSERT INTO "SOUL"."RESOURCE"("ID","PARENT_ID","TITLE","NAME","URL","COMPONENT","RESOURCE_TYPE","SORT","ICON","IS_LEAF","IS_ROUTE","PERMS","STATUS","DATE_CREATED","DATE_UPDATED") VALUES('1347050493052071936','1347026381504262144','SOUL.BUTTON.PLUGIN.SELECTOR.ADD','','','',2,0,'',1,0,'plugin:divideSelector:add',1,'2021-01-07 13:20:39','2021-01-17 11:46:18');
INSERT INTO "SOUL"."RESOURCE"("ID","PARENT_ID","TITLE","NAME","URL","COMPONENT","RESOURCE_TYPE","SORT","ICON","IS_LEAF","IS_ROUTE","PERMS","STATUS","DATE_CREATED","DATE_UPDATED") VALUES('1347050998931271680','1347026381504262144','SOUL.BUTTON.PLUGIN.SELECTOR.DELETE','','','',2,1,'',1,0,'plugin:divideSelector:delete',1,'2021-01-07 13:22:40','2021-01-17 11:47:02');
INSERT INTO "SOUL"."RESOURCE"("ID","PARENT_ID","TITLE","NAME","URL","COMPONENT","RESOURCE_TYPE","SORT","ICON","IS_LEAF","IS_ROUTE","PERMS","STATUS","DATE_CREATED","DATE_UPDATED") VALUES('1347051241320099840','1347026381504262144','SOUL.BUTTON.PLUGIN.RULE.ADD','','','',2,2,'',1,0,'plugin:divideRule:add',1,'2021-01-07 13:23:38','2021-01-17 11:46:32');
INSERT INTO "SOUL"."RESOURCE"("ID","PARENT_ID","TITLE","NAME","URL","COMPONENT","RESOURCE_TYPE","SORT","ICON","IS_LEAF","IS_ROUTE","PERMS","STATUS","DATE_CREATED","DATE_UPDATED") VALUES('1347051306788990976','1347026381504262144','SOUL.BUTTON.PLUGIN.RULE.DELETE','','','',2,3,'',1,0,'plugin:divideRule:delete',1,'2021-01-07 13:23:53','2021-01-17 11:46:59');
INSERT INTO "SOUL"."RESOURCE"("ID","PARENT_ID","TITLE","NAME","URL","COMPONENT","RESOURCE_TYPE","SORT","ICON","IS_LEAF","IS_ROUTE","PERMS","STATUS","DATE_CREATED","DATE_UPDATED") VALUES('1347051641725136896','1347026381504262144','SOUL.BUTTON.PLUGIN.SYNCHRONIZE','','','',2,4,'',1,0,'plugin:divide:modify',1,'2021-01-07 13:25:13','2021-01-17 11:56:30');
INSERT INTO "SOUL"."RESOURCE"("ID","PARENT_ID","TITLE","NAME","URL","COMPONENT","RESOURCE_TYPE","SORT","ICON","IS_LEAF","IS_ROUTE","PERMS","STATUS","DATE_CREATED","DATE_UPDATED") VALUES('1347051850521784320','1347026805170909184','SOUL.BUTTON.PLUGIN.SELECTOR.ADD','','','',2,0,'',1,0,'plugin:hystrixSelector:add',1,'2021-01-07 13:26:03','2021-01-17 11:46:18');
INSERT INTO "SOUL"."RESOURCE"("ID","PARENT_ID","TITLE","NAME","URL","COMPONENT","RESOURCE_TYPE","SORT","ICON","IS_LEAF","IS_ROUTE","PERMS","STATUS","DATE_CREATED","DATE_UPDATED") VALUES('1347051853025783808','1347026805170909184','SOUL.BUTTON.PLUGIN.SELECTOR.DELETE','','','',2,1,'',1,0,'plugin:hystrixSelector:delete',1,'2021-01-07 13:26:03','2021-01-17 11:47:02');
INSERT INTO "SOUL"."RESOURCE"("ID","PARENT_ID","TITLE","NAME","URL","COMPONENT","RESOURCE_TYPE","SORT","ICON","IS_LEAF","IS_ROUTE","PERMS","STATUS","DATE_CREATED","DATE_UPDATED") VALUES('1347051855538171904','1347026805170909184','SOUL.BUTTON.PLUGIN.RULE.ADD','','','',2,2,'',1,0,'plugin:hystrixRule:add',1,'2021-01-07 13:26:04','2021-01-17 11:46:32');
INSERT INTO "SOUL"."RESOURCE"("ID","PARENT_ID","TITLE","NAME","URL","COMPONENT","RESOURCE_TYPE","SORT","ICON","IS_LEAF","IS_ROUTE","PERMS","STATUS","DATE_CREATED","DATE_UPDATED") VALUES('1347051857962479616','1347026805170909184','SOUL.BUTTON.PLUGIN.RULE.DELETE','','','',2,3,'',1,0,'plugin:hystrixRule:delete',1,'2021-01-07 13:26:05','2021-01-17 11:46:59');
INSERT INTO "SOUL"."RESOURCE"("ID","PARENT_ID","TITLE","NAME","URL","COMPONENT","RESOURCE_TYPE","SORT","ICON","IS_LEAF","IS_ROUTE","PERMS","STATUS","DATE_CREATED","DATE_UPDATED") VALUES('1347051860495839232','1347026805170909184','SOUL.BUTTON.PLUGIN.SYNCHRONIZE','','','',2,4,'',1,0,'plugin:hystrix:modify',1,'2021-01-07 13:26:05','2021-01-17 11:56:30');
INSERT INTO "SOUL"."RESOURCE"("ID","PARENT_ID","TITLE","NAME","URL","COMPONENT","RESOURCE_TYPE","SORT","ICON","IS_LEAF","IS_ROUTE","PERMS","STATUS","DATE_CREATED","DATE_UPDATED") VALUES('1347052833968631808','1347027413357572096','SOUL.BUTTON.PLUGIN.SELECTOR.ADD','','','',2,0,'',1,0,'plugin:rewriteSelector:add',1,'2021-01-07 13:29:57','2021-01-17 11:46:18');
INSERT INTO "SOUL"."RESOURCE"("ID","PARENT_ID","TITLE","NAME","URL","COMPONENT","RESOURCE_TYPE","SORT","ICON","IS_LEAF","IS_ROUTE","PERMS","STATUS","DATE_CREATED","DATE_UPDATED") VALUES('1347052833968631809','1347027413357572097','SOUL.BUTTON.PLUGIN.SELECTOR.ADD','','','',2,0,'',1,0,'plugin:redirectSelector:add',1,'2021-01-07 13:29:57','2021-01-17 11:46:18');
INSERT INTO "SOUL"."RESOURCE"("ID","PARENT_ID","TITLE","NAME","URL","COMPONENT","RESOURCE_TYPE","SORT","ICON","IS_LEAF","IS_ROUTE","PERMS","STATUS","DATE_CREATED","DATE_UPDATED") VALUES('1347052836300664832','1347027413357572096','SOUL.BUTTON.PLUGIN.SELECTOR.DELETE','','','',2,1,'',1,0,'plugin:rewriteSelector:delete',1,'2021-01-07 13:29:58','2021-01-17 11:47:02');
INSERT INTO "SOUL"."RESOURCE"("ID","PARENT_ID","TITLE","NAME","URL","COMPONENT","RESOURCE_TYPE","SORT","ICON","IS_LEAF","IS_ROUTE","PERMS","STATUS","DATE_CREATED","DATE_UPDATED") VALUES('1347052836300664833','1347027413357572097','SOUL.BUTTON.PLUGIN.SELECTOR.DELETE','','','',2,1,'',1,0,'plugin:redirectSelector:delete',1,'2021-01-07 13:29:58','2021-01-17 11:47:02');
INSERT INTO "SOUL"."RESOURCE"("ID","PARENT_ID","TITLE","NAME","URL","COMPONENT","RESOURCE_TYPE","SORT","ICON","IS_LEAF","IS_ROUTE","PERMS","STATUS","DATE_CREATED","DATE_UPDATED") VALUES('1347052839198928896','1347027413357572096','SOUL.BUTTON.PLUGIN.RULE.ADD','','','',2,2,'',1,0,'plugin:rewriteRule:add',1,'2021-01-07 13:29:59','2021-01-17 11:46:32');
INSERT INTO "SOUL"."RESOURCE"("ID","PARENT_ID","TITLE","NAME","URL","COMPONENT","RESOURCE_TYPE","SORT","ICON","IS_LEAF","IS_ROUTE","PERMS","STATUS","DATE_CREATED","DATE_UPDATED") VALUES('1347052839198928897','1347027413357572097','SOUL.BUTTON.PLUGIN.RULE.ADD','','','',2,2,'',1,0,'plugin:redirectRule:add',1,'2021-01-07 13:29:59','2021-01-17 11:46:32');
INSERT INTO "SOUL"."RESOURCE"("ID","PARENT_ID","TITLE","NAME","URL","COMPONENT","RESOURCE_TYPE","SORT","ICON","IS_LEAF","IS_ROUTE","PERMS","STATUS","DATE_CREATED","DATE_UPDATED") VALUES('1347052841824563200','1347027413357572096','SOUL.BUTTON.PLUGIN.RULE.DELETE','','','',2,3,'',1,0,'plugin:rewriteRule:delete',1,'2021-01-07 13:29:59','2021-01-17 11:46:59');
INSERT INTO "SOUL"."RESOURCE"("ID","PARENT_ID","TITLE","NAME","URL","COMPONENT","RESOURCE_TYPE","SORT","ICON","IS_LEAF","IS_ROUTE","PERMS","STATUS","DATE_CREATED","DATE_UPDATED") VALUES('1347052841824563201','1347027413357572097','SOUL.BUTTON.PLUGIN.RULE.DELETE','','','',2,3,'',1,0,'plugin:redirectRule:delete',1,'2021-01-07 13:29:59','2021-01-17 11:46:59');
INSERT INTO "SOUL"."RESOURCE"("ID","PARENT_ID","TITLE","NAME","URL","COMPONENT","RESOURCE_TYPE","SORT","ICON","IS_LEAF","IS_ROUTE","PERMS","STATUS","DATE_CREATED","DATE_UPDATED") VALUES('1347052843993018368','1347027413357572096','SOUL.BUTTON.PLUGIN.SYNCHRONIZE','','','',2,4,'',1,0,'plugin:rewrite:modify',1,'2021-01-07 13:30:00','2021-01-17 11:56:30');
INSERT INTO "SOUL"."RESOURCE"("ID","PARENT_ID","TITLE","NAME","URL","COMPONENT","RESOURCE_TYPE","SORT","ICON","IS_LEAF","IS_ROUTE","PERMS","STATUS","DATE_CREATED","DATE_UPDATED") VALUES('1347052843993018369','1347027413357572097','SOUL.BUTTON.PLUGIN.SYNCHRONIZE','','','',2,4,'',1,0,'plugin:redirect:modify',1,'2021-01-07 13:30:00','2021-01-17 11:56:30');
INSERT INTO "SOUL"."RESOURCE"("ID","PARENT_ID","TITLE","NAME","URL","COMPONENT","RESOURCE_TYPE","SORT","ICON","IS_LEAF","IS_ROUTE","PERMS","STATUS","DATE_CREATED","DATE_UPDATED") VALUES('1347053324018528256','1347027482244820992','SOUL.BUTTON.PLUGIN.SELECTOR.ADD','','','',2,0,'',1,0,'plugin:springCloudSelector:add',1,'2021-01-07 13:31:54','2021-01-17 11:46:18');
INSERT INTO "SOUL"."RESOURCE"("ID","PARENT_ID","TITLE","NAME","URL","COMPONENT","RESOURCE_TYPE","SORT","ICON","IS_LEAF","IS_ROUTE","PERMS","STATUS","DATE_CREATED","DATE_UPDATED") VALUES('1347053326988095488','1347027482244820992','SOUL.BUTTON.PLUGIN.SELECTOR.DELETE','','','',2,1,'',1,0,'plugin:springCloudSelector:delete',1,'2021-01-07 13:31:55','2021-01-17 11:47:02');
INSERT INTO "SOUL"."RESOURCE"("ID","PARENT_ID","TITLE","NAME","URL","COMPONENT","RESOURCE_TYPE","SORT","ICON","IS_LEAF","IS_ROUTE","PERMS","STATUS","DATE_CREATED","DATE_UPDATED") VALUES('1347053329378848768','1347027482244820992','SOUL.BUTTON.PLUGIN.RULE.ADD','','','',2,2,'',1,0,'plugin:springCloudRule:add',1,'2021-01-07 13:31:55','2021-01-17 11:46:32');
INSERT INTO "SOUL"."RESOURCE"("ID","PARENT_ID","TITLE","NAME","URL","COMPONENT","RESOURCE_TYPE","SORT","ICON","IS_LEAF","IS_ROUTE","PERMS","STATUS","DATE_CREATED","DATE_UPDATED") VALUES('1347053331744436224','1347027482244820992','SOUL.BUTTON.PLUGIN.RULE.DELETE','','','',2,3,'',1,0,'plugin:springCloudRule:delete',1,'2021-01-07 13:31:56','2021-01-17 11:46:59');
INSERT INTO "SOUL"."RESOURCE"("ID","PARENT_ID","TITLE","NAME","URL","COMPONENT","RESOURCE_TYPE","SORT","ICON","IS_LEAF","IS_ROUTE","PERMS","STATUS","DATE_CREATED","DATE_UPDATED") VALUES('1347053334470733824','1347027482244820992','SOUL.BUTTON.PLUGIN.SYNCHRONIZE','','','',2,4,'',1,0,'plugin:springCloud:modify',1,'2021-01-07 13:31:57','2021-01-17 11:56:30');
INSERT INTO "SOUL"."RESOURCE"("ID","PARENT_ID","TITLE","NAME","URL","COMPONENT","RESOURCE_TYPE","SORT","ICON","IS_LEAF","IS_ROUTE","PERMS","STATUS","DATE_CREATED","DATE_UPDATED") VALUES('1347053363814084608','1347027526339538944','SOUL.BUTTON.PLUGIN.SELECTOR.ADD','','','',2,0,'',1,0,'plugin:signSelector:add',1,'2021-01-07 13:32:04','2021-01-17 11:46:18');
INSERT INTO "SOUL"."RESOURCE"("ID","PARENT_ID","TITLE","NAME","URL","COMPONENT","RESOURCE_TYPE","SORT","ICON","IS_LEAF","IS_ROUTE","PERMS","STATUS","DATE_CREATED","DATE_UPDATED") VALUES('1347053366552965120','1347027526339538944','SOUL.BUTTON.PLUGIN.SELECTOR.DELETE','','','',2,1,'',1,0,'plugin:signSelector:delete',1,'2021-01-07 13:32:04','2021-01-17 11:54:13');
INSERT INTO "SOUL"."RESOURCE"("ID","PARENT_ID","TITLE","NAME","URL","COMPONENT","RESOURCE_TYPE","SORT","ICON","IS_LEAF","IS_ROUTE","PERMS","STATUS","DATE_CREATED","DATE_UPDATED") VALUES('1347053369413480448','1347027526339538944','SOUL.BUTTON.PLUGIN.RULE.ADD','','','',2,2,'',1,0,'plugin:signRule:add',1,'2021-01-07 13:32:05','2021-01-17 11:46:32');
INSERT INTO "SOUL"."RESOURCE"("ID","PARENT_ID","TITLE","NAME","URL","COMPONENT","RESOURCE_TYPE","SORT","ICON","IS_LEAF","IS_ROUTE","PERMS","STATUS","DATE_CREATED","DATE_UPDATED") VALUES('1347053372164943872','1347027526339538944','SOUL.BUTTON.PLUGIN.RULE.DELETE','','','',2,3,'',1,0,'plugin:signRule:delete',1,'2021-01-07 13:32:06','2021-01-17 11:46:59');
INSERT INTO "SOUL"."RESOURCE"("ID","PARENT_ID","TITLE","NAME","URL","COMPONENT","RESOURCE_TYPE","SORT","ICON","IS_LEAF","IS_ROUTE","PERMS","STATUS","DATE_CREATED","DATE_UPDATED") VALUES('1347053375029653504','1347027526339538944','SOUL.BUTTON.PLUGIN.SYNCHRONIZE','','','',2,4,'',1,0,'plugin:sign:modify',1,'2021-01-07 13:32:06','2021-01-17 11:56:30');
INSERT INTO "SOUL"."RESOURCE"("ID","PARENT_ID","TITLE","NAME","URL","COMPONENT","RESOURCE_TYPE","SORT","ICON","IS_LEAF","IS_ROUTE","PERMS","STATUS","DATE_CREATED","DATE_UPDATED") VALUES('1347053404050042880','1347027566034432000','SOUL.BUTTON.PLUGIN.SELECTOR.ADD','','','',2,0,'',1,0,'plugin:wafSelector:add',1,'2021-01-07 13:32:13','2021-01-17 11:46:18');
INSERT INTO "SOUL"."RESOURCE"("ID","PARENT_ID","TITLE","NAME","URL","COMPONENT","RESOURCE_TYPE","SORT","ICON","IS_LEAF","IS_ROUTE","PERMS","STATUS","DATE_CREATED","DATE_UPDATED") VALUES('1347053406939918336','1347027566034432000','SOUL.BUTTON.PLUGIN.SELECTOR.DELETE','','','',2,1,'',1,0,'plugin:wafSelector:delete',1,'2021-01-07 13:32:14','2021-01-17 11:47:02');
INSERT INTO "SOUL"."RESOURCE"("ID","PARENT_ID","TITLE","NAME","URL","COMPONENT","RESOURCE_TYPE","SORT","ICON","IS_LEAF","IS_ROUTE","PERMS","STATUS","DATE_CREATED","DATE_UPDATED") VALUES('1347053409842376704','1347027566034432000','SOUL.BUTTON.PLUGIN.RULE.ADD','','','',2,2,'',1,0,'plugin:wafRule:add',1,'2021-01-07 13:32:15','2021-01-17 11:46:32');
INSERT INTO "SOUL"."RESOURCE"("ID","PARENT_ID","TITLE","NAME","URL","COMPONENT","RESOURCE_TYPE","SORT","ICON","IS_LEAF","IS_ROUTE","PERMS","STATUS","DATE_CREATED","DATE_UPDATED") VALUES('1347053413067796480','1347027566034432000','SOUL.BUTTON.PLUGIN.RULE.DELETE','','','',2,3,'',1,0,'plugin:wafRule:delete',1,'2021-01-07 13:32:15','2021-01-17 11:46:59');
INSERT INTO "SOUL"."RESOURCE"("ID","PARENT_ID","TITLE","NAME","URL","COMPONENT","RESOURCE_TYPE","SORT","ICON","IS_LEAF","IS_ROUTE","PERMS","STATUS","DATE_CREATED","DATE_UPDATED") VALUES('1347053415945089024','1347027566034432000','SOUL.BUTTON.PLUGIN.SYNCHRONIZE','','','',2,4,'',1,0,'plugin:waf:modify',1,'2021-01-07 13:32:16','2021-01-17 11:56:30');
INSERT INTO "SOUL"."RESOURCE"("ID","PARENT_ID","TITLE","NAME","URL","COMPONENT","RESOURCE_TYPE","SORT","ICON","IS_LEAF","IS_ROUTE","PERMS","STATUS","DATE_CREATED","DATE_UPDATED") VALUES('1347053442419535872','1347027647999520768','SOUL.BUTTON.PLUGIN.SELECTOR.ADD','','','',2,0,'',1,0,'plugin:rate_limiterSelector:add',1,'2021-01-07 13:32:22','2021-01-17 11:46:18');
INSERT INTO "SOUL"."RESOURCE"("ID","PARENT_ID","TITLE","NAME","URL","COMPONENT","RESOURCE_TYPE","SORT","ICON","IS_LEAF","IS_ROUTE","PERMS","STATUS","DATE_CREATED","DATE_UPDATED") VALUES('1347053445191970816','1347027647999520768','SOUL.BUTTON.PLUGIN.SELECTOR.DELETE','','','',2,1,'',1,0,'plugin:rate_limiterSelector:delete',1,'2021-01-07 13:32:23','2021-01-17 11:47:02');
INSERT INTO "SOUL"."RESOURCE"("ID","PARENT_ID","TITLE","NAME","URL","COMPONENT","RESOURCE_TYPE","SORT","ICON","IS_LEAF","IS_ROUTE","PERMS","STATUS","DATE_CREATED","DATE_UPDATED") VALUES('1347053447695970304','1347027647999520768','SOUL.BUTTON.PLUGIN.RULE.ADD','','','',2,2,'',1,0,'plugin:rate_limiterRule:add',1,'2021-01-07 13:32:24','2021-01-17 11:46:32');
INSERT INTO "SOUL"."RESOURCE"("ID","PARENT_ID","TITLE","NAME","URL","COMPONENT","RESOURCE_TYPE","SORT","ICON","IS_LEAF","IS_ROUTE","PERMS","STATUS","DATE_CREATED","DATE_UPDATED") VALUES('1347053450304827392','1347027647999520768','SOUL.BUTTON.PLUGIN.RULE.DELETE','','','',2,3,'',1,0,'plugin:rate_limiterRule:delete',1,'2021-01-07 13:32:24','2021-01-17 11:46:59');
INSERT INTO "SOUL"."RESOURCE"("ID","PARENT_ID","TITLE","NAME","URL","COMPONENT","RESOURCE_TYPE","SORT","ICON","IS_LEAF","IS_ROUTE","PERMS","STATUS","DATE_CREATED","DATE_UPDATED") VALUES('1347053452737523712','1347027647999520768','SOUL.BUTTON.PLUGIN.SYNCHRONIZE','','','',2,4,'',1,0,'plugin:rate_limiter:modify',1,'2021-01-07 13:32:25','2021-01-17 11:56:30');
INSERT INTO "SOUL"."RESOURCE"("ID","PARENT_ID","TITLE","NAME","URL","COMPONENT","RESOURCE_TYPE","SORT","ICON","IS_LEAF","IS_ROUTE","PERMS","STATUS","DATE_CREATED","DATE_UPDATED") VALUES('1347053477844627456','1347027717792739328','SOUL.BUTTON.PLUGIN.SELECTOR.ADD','','','',2,0,'',1,0,'plugin:dubboSelector:add',1,'2021-01-07 13:32:31','2021-01-17 11:46:18');
INSERT INTO "SOUL"."RESOURCE"("ID","PARENT_ID","TITLE","NAME","URL","COMPONENT","RESOURCE_TYPE","SORT","ICON","IS_LEAF","IS_ROUTE","PERMS","STATUS","DATE_CREATED","DATE_UPDATED") VALUES('1347053480977772544','1347027717792739328','SOUL.BUTTON.PLUGIN.SELECTOR.DELETE','','','',2,2,'',1,0,'plugin:dubboSelector:delete',1,'2021-01-07 13:32:32','2021-01-17 11:47:02');
INSERT INTO "SOUL"."RESOURCE"("ID","PARENT_ID","TITLE","NAME","URL","COMPONENT","RESOURCE_TYPE","SORT","ICON","IS_LEAF","IS_ROUTE","PERMS","STATUS","DATE_CREATED","DATE_UPDATED") VALUES('1347053483712458752','1347027717792739328','SOUL.BUTTON.PLUGIN.RULE.ADD','','','',2,2,'',1,0,'plugin:dubboRule:add',1,'2021-01-07 13:32:32','2021-01-17 11:46:32');
INSERT INTO "SOUL"."RESOURCE"("ID","PARENT_ID","TITLE","NAME","URL","COMPONENT","RESOURCE_TYPE","SORT","ICON","IS_LEAF","IS_ROUTE","PERMS","STATUS","DATE_CREATED","DATE_UPDATED") VALUES('1347053486426173440','1347027717792739328','SOUL.BUTTON.PLUGIN.RULE.DELETE','','','',2,3,'',1,0,'plugin:dubboRule:delete',1,'2021-01-07 13:32:33','2021-01-17 11:46:59');
INSERT INTO "SOUL"."RESOURCE"("ID","PARENT_ID","TITLE","NAME","URL","COMPONENT","RESOURCE_TYPE","SORT","ICON","IS_LEAF","IS_ROUTE","PERMS","STATUS","DATE_CREATED","DATE_UPDATED") VALUES('1347053489571901440','1347027717792739328','SOUL.BUTTON.PLUGIN.SYNCHRONIZE','','','',2,4,'',1,0,'plugin:dubbo:modify',1,'2021-01-07 13:32:34','2021-01-17 11:56:30');
INSERT INTO "SOUL"."RESOURCE"("ID","PARENT_ID","TITLE","NAME","URL","COMPONENT","RESOURCE_TYPE","SORT","ICON","IS_LEAF","IS_ROUTE","PERMS","STATUS","DATE_CREATED","DATE_UPDATED") VALUES('1347053516423835648','1347027769747582976','SOUL.BUTTON.PLUGIN.SELECTOR.ADD','','','',2,0,'',1,0,'plugin:monitorSelector:add',1,'2021-01-07 13:32:40','2021-01-17 11:46:18');
INSERT INTO "SOUL"."RESOURCE"("ID","PARENT_ID","TITLE","NAME","URL","COMPONENT","RESOURCE_TYPE","SORT","ICON","IS_LEAF","IS_ROUTE","PERMS","STATUS","DATE_CREATED","DATE_UPDATED") VALUES('1347053519401791488','1347027769747582976','SOUL.BUTTON.PLUGIN.SELECTOR.DELETE','','','',2,1,'',1,0,'plugin:monitorSelector:delete',1,'2021-01-07 13:32:41','2021-01-17 11:47:02');
INSERT INTO "SOUL"."RESOURCE"("ID","PARENT_ID","TITLE","NAME","URL","COMPONENT","RESOURCE_TYPE","SORT","ICON","IS_LEAF","IS_ROUTE","PERMS","STATUS","DATE_CREATED","DATE_UPDATED") VALUES('1347053522182615040','1347027769747582976','SOUL.BUTTON.PLUGIN.RULE.ADD','','','',2,2,'',1,0,'plugin:monitorRule:add',1,'2021-01-07 13:32:41','2021-01-17 11:46:32');
INSERT INTO "SOUL"."RESOURCE"("ID","PARENT_ID","TITLE","NAME","URL","COMPONENT","RESOURCE_TYPE","SORT","ICON","IS_LEAF","IS_ROUTE","PERMS","STATUS","DATE_CREATED","DATE_UPDATED") VALUES('1347053525034741760','1347027769747582976','SOUL.BUTTON.PLUGIN.RULE.DELETE','','','',2,3,'',1,0,'plugin:monitorRule:delete',1,'2021-01-07 13:32:42','2021-01-17 11:46:59');
INSERT INTO "SOUL"."RESOURCE"("ID","PARENT_ID","TITLE","NAME","URL","COMPONENT","RESOURCE_TYPE","SORT","ICON","IS_LEAF","IS_ROUTE","PERMS","STATUS","DATE_CREATED","DATE_UPDATED") VALUES('1347053527819759616','1347027769747582976','SOUL.BUTTON.PLUGIN.SYNCHRONIZE','','','',2,4,'',1,0,'plugin:monitor:modify',1,'2021-01-07 13:32:43','2021-01-17 11:56:30');
INSERT INTO "SOUL"."RESOURCE"("ID","PARENT_ID","TITLE","NAME","URL","COMPONENT","RESOURCE_TYPE","SORT","ICON","IS_LEAF","IS_ROUTE","PERMS","STATUS","DATE_CREATED","DATE_UPDATED") VALUES('1347053554310983680','1347027830602739712','SOUL.BUTTON.PLUGIN.SELECTOR.ADD','','','',2,0,'',1,0,'plugin:sentinelSelector:add',1,'2021-01-07 13:32:49','2021-01-17 11:46:18');
INSERT INTO "SOUL"."RESOURCE"("ID","PARENT_ID","TITLE","NAME","URL","COMPONENT","RESOURCE_TYPE","SORT","ICON","IS_LEAF","IS_ROUTE","PERMS","STATUS","DATE_CREATED","DATE_UPDATED") VALUES('1347053556512993280','1347027830602739712','SOUL.BUTTON.PLUGIN.SELECTOR.DELETE','','','',2,1,'',1,0,'plugin:sentinelSelector:delete',1,'2021-01-07 13:32:50','2021-01-17 11:47:02');
INSERT INTO "SOUL"."RESOURCE"("ID","PARENT_ID","TITLE","NAME","URL","COMPONENT","RESOURCE_TYPE","SORT","ICON","IS_LEAF","IS_ROUTE","PERMS","STATUS","DATE_CREATED","DATE_UPDATED") VALUES('1347053559050547200','1347027830602739712','SOUL.BUTTON.PLUGIN.RULE.ADD','','','',2,2,'',1,0,'plugin:sentinelRule:add',1,'2021-01-07 13:32:50','2021-01-17 11:46:32');
INSERT INTO "SOUL"."RESOURCE"("ID","PARENT_ID","TITLE","NAME","URL","COMPONENT","RESOURCE_TYPE","SORT","ICON","IS_LEAF","IS_ROUTE","PERMS","STATUS","DATE_CREATED","DATE_UPDATED") VALUES('1347053561579712512','1347027830602739712','SOUL.BUTTON.PLUGIN.RULE.DELETE','','','',2,3,'',1,0,'plugin:sentinelRule:delete',1,'2021-01-07 13:32:51','2021-01-17 11:46:59');
INSERT INTO "SOUL"."RESOURCE"("ID","PARENT_ID","TITLE","NAME","URL","COMPONENT","RESOURCE_TYPE","SORT","ICON","IS_LEAF","IS_ROUTE","PERMS","STATUS","DATE_CREATED","DATE_UPDATED") VALUES('1347053564016603136','1347027830602739712','SOUL.BUTTON.PLUGIN.SYNCHRONIZE','','','',2,4,'',1,0,'plugin:sentinel:modify',1,'2021-01-07 13:32:51','2021-01-17 11:56:30');
INSERT INTO "SOUL"."RESOURCE"("ID","PARENT_ID","TITLE","NAME","URL","COMPONENT","RESOURCE_TYPE","SORT","ICON","IS_LEAF","IS_ROUTE","PERMS","STATUS","DATE_CREATED","DATE_UPDATED") VALUES('1347053595729735680','1347027918121086976','SOUL.BUTTON.PLUGIN.SELECTOR.ADD','','','',2,0,'',1,0,'plugin:resilience4jSelector:add',1,'2021-01-07 13:32:59','2021-01-17 11:46:18');
INSERT INTO "SOUL"."RESOURCE"("ID","PARENT_ID","TITLE","NAME","URL","COMPONENT","RESOURCE_TYPE","SORT","ICON","IS_LEAF","IS_ROUTE","PERMS","STATUS","DATE_CREATED","DATE_UPDATED") VALUES('1347053598829326336','1347027918121086976','SOUL.BUTTON.PLUGIN.SELECTOR.DELETE','','','',2,1,'',1,0,'plugin:resilience4jSelector:delete',1,'2021-01-07 13:33:00','2021-01-17 11:47:02');
INSERT INTO "SOUL"."RESOURCE"("ID","PARENT_ID","TITLE","NAME","URL","COMPONENT","RESOURCE_TYPE","SORT","ICON","IS_LEAF","IS_ROUTE","PERMS","STATUS","DATE_CREATED","DATE_UPDATED") VALUES('1347053601572401152','1347027918121086976','SOUL.BUTTON.PLUGIN.RULE.ADD','','','',2,2,'',1,0,'plugin:resilience4jRule:add',1,'2021-01-07 13:33:00','2021-01-17 11:46:32');
INSERT INTO "SOUL"."RESOURCE"("ID","PARENT_ID","TITLE","NAME","URL","COMPONENT","RESOURCE_TYPE","SORT","ICON","IS_LEAF","IS_ROUTE","PERMS","STATUS","DATE_CREATED","DATE_UPDATED") VALUES('1347053604093177856','1347027918121086976','SOUL.BUTTON.PLUGIN.RULE.DELETE','','','',2,3,'',1,0,'plugin:resilience4jRule:delete',1,'2021-01-07 13:33:01','2021-01-17 11:46:59');
INSERT INTO "SOUL"."RESOURCE"("ID","PARENT_ID","TITLE","NAME","URL","COMPONENT","RESOURCE_TYPE","SORT","ICON","IS_LEAF","IS_ROUTE","PERMS","STATUS","DATE_CREATED","DATE_UPDATED") VALUES('1347053606622343168','1347027918121086976','SOUL.BUTTON.PLUGIN.SYNCHRONIZE','','','',2,4,'',1,0,'plugin:resilience4j:modify',1,'2021-01-07 13:33:02','2021-01-17 11:56:30');
INSERT INTO "SOUL"."RESOURCE"("ID","PARENT_ID","TITLE","NAME","URL","COMPONENT","RESOURCE_TYPE","SORT","ICON","IS_LEAF","IS_ROUTE","PERMS","STATUS","DATE_CREATED","DATE_UPDATED") VALUES('1347053631159021568','1347027995199811584','SOUL.BUTTON.PLUGIN.SELECTOR.ADD','','','',2,0,'',1,0,'plugin:tarsSelector:add',1,'2021-01-07 13:33:07','2021-01-17 11:46:18');
INSERT INTO "SOUL"."RESOURCE"("ID","PARENT_ID","TITLE","NAME","URL","COMPONENT","RESOURCE_TYPE","SORT","ICON","IS_LEAF","IS_ROUTE","PERMS","STATUS","DATE_CREATED","DATE_UPDATED") VALUES('1347053633809821696','1347027995199811584','SOUL.BUTTON.PLUGIN.SELECTOR.DELETE','','','',2,1,'',1,0,'plugin:tarsSelector:delete',1,'2021-01-07 13:33:08','2021-01-17 11:47:02');
INSERT INTO "SOUL"."RESOURCE"("ID","PARENT_ID","TITLE","NAME","URL","COMPONENT","RESOURCE_TYPE","SORT","ICON","IS_LEAF","IS_ROUTE","PERMS","STATUS","DATE_CREATED","DATE_UPDATED") VALUES('1347053636439650304','1347027995199811584','SOUL.BUTTON.PLUGIN.RULE.ADD','','','',2,2,'',1,0,'plugin:tarsRule:add',1,'2021-01-07 13:33:09','2021-01-17 11:46:32');
INSERT INTO "SOUL"."RESOURCE"("ID","PARENT_ID","TITLE","NAME","URL","COMPONENT","RESOURCE_TYPE","SORT","ICON","IS_LEAF","IS_ROUTE","PERMS","STATUS","DATE_CREATED","DATE_UPDATED") VALUES('1347053638968815616','1347027995199811584','SOUL.BUTTON.PLUGIN.RULE.DELETE','','','',2,3,'',1,0,'plugin:tarsRule:delete',1,'2021-01-07 13:33:09','2021-01-17 11:46:59');
INSERT INTO "SOUL"."RESOURCE"("ID","PARENT_ID","TITLE","NAME","URL","COMPONENT","RESOURCE_TYPE","SORT","ICON","IS_LEAF","IS_ROUTE","PERMS","STATUS","DATE_CREATED","DATE_UPDATED") VALUES('1347053641346985984','1347027995199811584','SOUL.BUTTON.PLUGIN.SYNCHRONIZE','','','',2,4,'',1,0,'plugin:tars:modify',1,'2021-01-07 13:33:10','2021-01-17 11:56:30');
INSERT INTO "SOUL"."RESOURCE"("ID","PARENT_ID","TITLE","NAME","URL","COMPONENT","RESOURCE_TYPE","SORT","ICON","IS_LEAF","IS_ROUTE","PERMS","STATUS","DATE_CREATED","DATE_UPDATED") VALUES('1347053666227597312','1347028169120821248','SOUL.BUTTON.PLUGIN.SELECTOR.ADD','','','',2,0,'',1,0,'plugin:context_pathSelector:add',1,'2021-01-07 13:33:16','2021-01-17 11:46:18');
INSERT INTO "SOUL"."RESOURCE"("ID","PARENT_ID","TITLE","NAME","URL","COMPONENT","RESOURCE_TYPE","SORT","ICON","IS_LEAF","IS_ROUTE","PERMS","STATUS","DATE_CREATED","DATE_UPDATED") VALUES('1347053668538658816','1347028169120821248','SOUL.BUTTON.PLUGIN.SELECTOR.DELETE','','','',2,1,'',1,0,'plugin:context_pathSelector:delete',1,'2021-01-07 13:33:16','2021-01-17 11:47:02');
INSERT INTO "SOUL"."RESOURCE"("ID","PARENT_ID","TITLE","NAME","URL","COMPONENT","RESOURCE_TYPE","SORT","ICON","IS_LEAF","IS_ROUTE","PERMS","STATUS","DATE_CREATED","DATE_UPDATED") VALUES('1347053670791000064','1347028169120821248','SOUL.BUTTON.PLUGIN.RULE.ADD','','','',2,2,'',1,0,'plugin:context_pathRule:add',1,'2021-01-07 13:33:17','2021-01-17 11:46:32');
INSERT INTO "SOUL"."RESOURCE"("ID","PARENT_ID","TITLE","NAME","URL","COMPONENT","RESOURCE_TYPE","SORT","ICON","IS_LEAF","IS_ROUTE","PERMS","STATUS","DATE_CREATED","DATE_UPDATED") VALUES('1347053673043341312','1347028169120821248','SOUL.BUTTON.PLUGIN.RULE.DELETE','','','',2,3,'',1,0,'plugin:context_pathRule:delete',1,'2021-01-07 13:33:17','2021-01-17 11:46:59');
INSERT INTO "SOUL"."RESOURCE"("ID","PARENT_ID","TITLE","NAME","URL","COMPONENT","RESOURCE_TYPE","SORT","ICON","IS_LEAF","IS_ROUTE","PERMS","STATUS","DATE_CREATED","DATE_UPDATED") VALUES('1347053675174047744','1347028169120821248','SOUL.BUTTON.PLUGIN.SYNCHRONIZE','','','',2,4,'',1,0,'plugin:context_path:modify',1,'2021-01-07 13:33:18','2021-01-17 11:56:30');
INSERT INTO "SOUL"."RESOURCE"("ID","PARENT_ID","TITLE","NAME","URL","COMPONENT","RESOURCE_TYPE","SORT","ICON","IS_LEAF","IS_ROUTE","PERMS","STATUS","DATE_CREATED","DATE_UPDATED") VALUES('1347063567603609600','1346775491550474240','sofa','sofa','/plug/sofa','sofa',1,4,'fire',0,0,'',1,'2021-01-07 14:12:36','2021-01-15 23:24:04');
INSERT INTO "SOUL"."RESOURCE"("ID","PARENT_ID","TITLE","NAME","URL","COMPONENT","RESOURCE_TYPE","SORT","ICON","IS_LEAF","IS_ROUTE","PERMS","STATUS","DATE_CREATED","DATE_UPDATED") VALUES('1347064011369361408','1347063567603609600','SOUL.BUTTON.PLUGIN.SELECTOR.ADD','','','',2,0,'',1,0,'plugin:sofaSelector:add',1,'2021-01-07 14:14:22','2021-01-17 11:46:18');
INSERT INTO "SOUL"."RESOURCE"("ID","PARENT_ID","TITLE","NAME","URL","COMPONENT","RESOURCE_TYPE","SORT","ICON","IS_LEAF","IS_ROUTE","PERMS","STATUS","DATE_CREATED","DATE_UPDATED") VALUES('1347064013848195072','1347063567603609600','SOUL.BUTTON.PLUGIN.SELECTOR.DELETE','','','',2,1,'',1,0,'plugin:sofaSelector:delete',1,'2021-01-07 14:14:23','2021-01-17 11:47:02');
INSERT INTO "SOUL"."RESOURCE"("ID","PARENT_ID","TITLE","NAME","URL","COMPONENT","RESOURCE_TYPE","SORT","ICON","IS_LEAF","IS_ROUTE","PERMS","STATUS","DATE_CREATED","DATE_UPDATED") VALUES('1347064016373166080','1347063567603609600','SOUL.BUTTON.PLUGIN.RULE.ADD','','','',2,2,'',1,0,'plugin:sofaRule:add',1,'2021-01-07 14:14:23','2021-01-17 11:46:32');
INSERT INTO "SOUL"."RESOURCE"("ID","PARENT_ID","TITLE","NAME","URL","COMPONENT","RESOURCE_TYPE","SORT","ICON","IS_LEAF","IS_ROUTE","PERMS","STATUS","DATE_CREATED","DATE_UPDATED") VALUES('1347064019007188992','1347063567603609600','SOUL.BUTTON.PLUGIN.RULE.DELETE','','','',2,3,'',1,0,'plugin:sofaRule:delete',1,'2021-01-07 14:14:24','2021-01-17 11:46:59');
INSERT INTO "SOUL"."RESOURCE"("ID","PARENT_ID","TITLE","NAME","URL","COMPONENT","RESOURCE_TYPE","SORT","ICON","IS_LEAF","IS_ROUTE","PERMS","STATUS","DATE_CREATED","DATE_UPDATED") VALUES('1347064021486022656','1347063567603609600','SOUL.BUTTON.PLUGIN.SYNCHRONIZE','','','',2,4,'',1,0,'plugin:sofa:modify',1,'2021-01-07 14:14:25','2021-01-17 11:56:30');
INSERT INTO "SOUL"."RESOURCE"("ID","PARENT_ID","TITLE","NAME","URL","COMPONENT","RESOURCE_TYPE","SORT","ICON","IS_LEAF","IS_ROUTE","PERMS","STATUS","DATE_CREATED","DATE_UPDATED") VALUES('1350096617689751552','1347026381504262144','SOUL.BUTTON.PLUGIN.SELECTOR.EDIT','','','',2,5,'',1,0,'plugin:divideSelector:edit',1,'2021-01-15 23:04:52','2021-01-17 11:57:34');
INSERT INTO "SOUL"."RESOURCE"("ID","PARENT_ID","TITLE","NAME","URL","COMPONENT","RESOURCE_TYPE","SORT","ICON","IS_LEAF","IS_ROUTE","PERMS","STATUS","DATE_CREATED","DATE_UPDATED") VALUES('1350096630197166080','1347026381504262144','SOUL.BUTTON.PLUGIN.RULE.EDIT','','','',2,6,'',1,0,'plugin:divideRule:edit',1,'2021-01-15 23:04:55','2021-01-17 11:57:37');
INSERT INTO "SOUL"."RESOURCE"("ID","PARENT_ID","TITLE","NAME","URL","COMPONENT","RESOURCE_TYPE","SORT","ICON","IS_LEAF","IS_ROUTE","PERMS","STATUS","DATE_CREATED","DATE_UPDATED") VALUES('1350098233939632128','1347026805170909184','SOUL.BUTTON.PLUGIN.SELECTOR.EDIT','','','',2,5,'',1,0,'plugin:hystrixSelector:edit',1,'2021-01-15 23:11:17','2021-01-17 11:57:34');
INSERT INTO "SOUL"."RESOURCE"("ID","PARENT_ID","TITLE","NAME","URL","COMPONENT","RESOURCE_TYPE","SORT","ICON","IS_LEAF","IS_ROUTE","PERMS","STATUS","DATE_CREATED","DATE_UPDATED") VALUES('1350098236741427200','1347026805170909184','SOUL.BUTTON.PLUGIN.RULE.EDIT','','','',2,6,'',1,0,'plugin:hystrixRule:edit',1,'2021-01-15 23:11:18','2021-01-17 11:57:37');
INSERT INTO "SOUL"."RESOURCE"("ID","PARENT_ID","TITLE","NAME","URL","COMPONENT","RESOURCE_TYPE","SORT","ICON","IS_LEAF","IS_ROUTE","PERMS","STATUS","DATE_CREATED","DATE_UPDATED") VALUES('1350099831950163968','1347027413357572096','SOUL.BUTTON.PLUGIN.SELECTOR.EDIT','','','',2,4,'',1,0,'plugin:rewriteSelector:edit',1,'2021-01-15 23:17:38','2021-01-17 11:57:34');
INSERT INTO "SOUL"."RESOURCE"("ID","PARENT_ID","TITLE","NAME","URL","COMPONENT","RESOURCE_TYPE","SORT","ICON","IS_LEAF","IS_ROUTE","PERMS","STATUS","DATE_CREATED","DATE_UPDATED") VALUES('1350099831950163969','1347027413357572097','SOUL.BUTTON.PLUGIN.SELECTOR.EDIT','','','',2,4,'',1,0,'plugin:redirectSelector:edit',1,'2021-01-15 23:17:38','2021-01-17 11:57:34');
INSERT INTO "SOUL"."RESOURCE"("ID","PARENT_ID","TITLE","NAME","URL","COMPONENT","RESOURCE_TYPE","SORT","ICON","IS_LEAF","IS_ROUTE","PERMS","STATUS","DATE_CREATED","DATE_UPDATED") VALUES('1350099836492595200','1347027413357572096','SOUL.BUTTON.PLUGIN.RULE.EDIT','','','',2,4,'',1,0,'plugin:rewriteRule:edit',1,'2021-01-15 23:17:39','2021-01-17 11:57:37');
INSERT INTO "SOUL"."RESOURCE"("ID","PARENT_ID","TITLE","NAME","URL","COMPONENT","RESOURCE_TYPE","SORT","ICON","IS_LEAF","IS_ROUTE","PERMS","STATUS","DATE_CREATED","DATE_UPDATED") VALUES('1350099836492595201','1347027413357572097','SOUL.BUTTON.PLUGIN.RULE.EDIT','','','',2,4,'',1,0,'plugin:redirectRule:edit',1,'2021-01-15 23:17:39','2021-01-17 11:57:37');
INSERT INTO "SOUL"."RESOURCE"("ID","PARENT_ID","TITLE","NAME","URL","COMPONENT","RESOURCE_TYPE","SORT","ICON","IS_LEAF","IS_ROUTE","PERMS","STATUS","DATE_CREATED","DATE_UPDATED") VALUES('1350099893203779584','1347027482244820992','SOUL.BUTTON.PLUGIN.SELECTOR.EDIT','','','',2,5,'',1,0,'plugin:springCloudSelector:edit',1,'2021-01-15 23:17:53','2021-01-17 11:57:34');
INSERT INTO "SOUL"."RESOURCE"("ID","PARENT_ID","TITLE","NAME","URL","COMPONENT","RESOURCE_TYPE","SORT","ICON","IS_LEAF","IS_ROUTE","PERMS","STATUS","DATE_CREATED","DATE_UPDATED") VALUES('1350099896441782272','1347027482244820992','SOUL.BUTTON.PLUGIN.RULE.EDIT','','','',2,6,'',1,0,'plugin:springCloudRule:edit',1,'2021-01-15 23:17:54','2021-01-17 11:57:37');
INSERT INTO "SOUL"."RESOURCE"("ID","PARENT_ID","TITLE","NAME","URL","COMPONENT","RESOURCE_TYPE","SORT","ICON","IS_LEAF","IS_ROUTE","PERMS","STATUS","DATE_CREATED","DATE_UPDATED") VALUES('1350099936379944960','1347027526339538944','SOUL.BUTTON.PLUGIN.SELECTOR.EDIT','','','',2,5,'',1,0,'plugin:signSelector:edit',1,'2021-01-15 23:18:03','2021-01-17 11:57:34');
INSERT INTO "SOUL"."RESOURCE"("ID","PARENT_ID","TITLE","NAME","URL","COMPONENT","RESOURCE_TYPE","SORT","ICON","IS_LEAF","IS_ROUTE","PERMS","STATUS","DATE_CREATED","DATE_UPDATED") VALUES('1350099939177545728','1347027526339538944','SOUL.BUTTON.PLUGIN.RULE.EDIT','','','',2,6,'',1,0,'plugin:signRule:edit',1,'2021-01-15 23:18:04','2021-01-17 11:57:37');
INSERT INTO "SOUL"."RESOURCE"("ID","PARENT_ID","TITLE","NAME","URL","COMPONENT","RESOURCE_TYPE","SORT","ICON","IS_LEAF","IS_ROUTE","PERMS","STATUS","DATE_CREATED","DATE_UPDATED") VALUES('1350099976435548160','1347027566034432000','SOUL.BUTTON.PLUGIN.SELECTOR.EDIT','','','',2,5,'',1,0,'plugin:wafSelector:edit',1,'2021-01-15 23:18:13','2021-01-17 11:57:34');
INSERT INTO "SOUL"."RESOURCE"("ID","PARENT_ID","TITLE","NAME","URL","COMPONENT","RESOURCE_TYPE","SORT","ICON","IS_LEAF","IS_ROUTE","PERMS","STATUS","DATE_CREATED","DATE_UPDATED") VALUES('1350099979434475520','1347027566034432000','SOUL.BUTTON.PLUGIN.RULE.EDIT','','','',2,6,'',1,0,'plugin:wafRule:edit',1,'2021-01-15 23:18:13','2021-01-17 11:57:37');
INSERT INTO "SOUL"."RESOURCE"("ID","PARENT_ID","TITLE","NAME","URL","COMPONENT","RESOURCE_TYPE","SORT","ICON","IS_LEAF","IS_ROUTE","PERMS","STATUS","DATE_CREATED","DATE_UPDATED") VALUES('1350100013341229056','1347027647999520768','SOUL.BUTTON.PLUGIN.SELECTOR.EDIT','','','',2,5,'',1,0,'plugin:rate_limiterSelector:edit',1,'2021-01-15 23:18:21','2021-01-17 11:57:34');
INSERT INTO "SOUL"."RESOURCE"("ID","PARENT_ID","TITLE","NAME","URL","COMPONENT","RESOURCE_TYPE","SORT","ICON","IS_LEAF","IS_ROUTE","PERMS","STATUS","DATE_CREATED","DATE_UPDATED") VALUES('1350100016319184896','1347027647999520768','SOUL.BUTTON.PLUGIN.RULE.EDIT','','','',2,6,'',1,0,'plugin:rate_limiterRule:edit',1,'2021-01-15 23:18:22','2021-01-17 11:57:37');
INSERT INTO "SOUL"."RESOURCE"("ID","PARENT_ID","TITLE","NAME","URL","COMPONENT","RESOURCE_TYPE","SORT","ICON","IS_LEAF","IS_ROUTE","PERMS","STATUS","DATE_CREATED","DATE_UPDATED") VALUES('1350100053757542400','1347027717792739328','SOUL.BUTTON.PLUGIN.SELECTOR.EDIT','','','',2,5,'',1,0,'plugin:dubboSelector:edit',1,'2021-01-15 23:18:31','2021-01-17 11:57:34');
INSERT INTO "SOUL"."RESOURCE"("ID","PARENT_ID","TITLE","NAME","URL","COMPONENT","RESOURCE_TYPE","SORT","ICON","IS_LEAF","IS_ROUTE","PERMS","STATUS","DATE_CREATED","DATE_UPDATED") VALUES('1350100056525783040','1347027717792739328','SOUL.BUTTON.PLUGIN.RULE.EDIT','','','',2,6,'',1,0,'plugin:dubboRule:edit',1,'2021-01-15 23:18:32','2021-01-17 11:57:37');
INSERT INTO "SOUL"."RESOURCE"("ID","PARENT_ID","TITLE","NAME","URL","COMPONENT","RESOURCE_TYPE","SORT","ICON","IS_LEAF","IS_ROUTE","PERMS","STATUS","DATE_CREATED","DATE_UPDATED") VALUES('1350100110510669824','1347027769747582976','SOUL.BUTTON.PLUGIN.SELECTOR.EDIT','','','',2,5,'',1,0,'plugin:monitorSelector:edit',1,'2021-01-15 23:18:45','2021-01-17 11:57:34');
INSERT INTO "SOUL"."RESOURCE"("ID","PARENT_ID","TITLE","NAME","URL","COMPONENT","RESOURCE_TYPE","SORT","ICON","IS_LEAF","IS_ROUTE","PERMS","STATUS","DATE_CREATED","DATE_UPDATED") VALUES('1350100113283104768','1347027769747582976','SOUL.BUTTON.PLUGIN.RULE.EDIT','','','',2,6,'',1,0,'plugin:monitorRule:edit',1,'2021-01-15 23:18:45','2021-01-17 11:57:37');
INSERT INTO "SOUL"."RESOURCE"("ID","PARENT_ID","TITLE","NAME","URL","COMPONENT","RESOURCE_TYPE","SORT","ICON","IS_LEAF","IS_ROUTE","PERMS","STATUS","DATE_CREATED","DATE_UPDATED") VALUES('1350100147437322240','1347027830602739712','SOUL.BUTTON.PLUGIN.SELECTOR.EDIT','','','',2,5,'',1,0,'plugin:sentinelSelector:edit',1,'2021-01-15 23:18:53','2021-01-17 11:57:34');
INSERT INTO "SOUL"."RESOURCE"("ID","PARENT_ID","TITLE","NAME","URL","COMPONENT","RESOURCE_TYPE","SORT","ICON","IS_LEAF","IS_ROUTE","PERMS","STATUS","DATE_CREATED","DATE_UPDATED") VALUES('1350100150096510976','1347027830602739712','SOUL.BUTTON.PLUGIN.RULE.EDIT','','','',2,6,'',1,0,'plugin:sentinelRule:edit',1,'2021-01-15 23:18:54','2021-01-17 11:57:37');
INSERT INTO "SOUL"."RESOURCE"("ID","PARENT_ID","TITLE","NAME","URL","COMPONENT","RESOURCE_TYPE","SORT","ICON","IS_LEAF","IS_ROUTE","PERMS","STATUS","DATE_CREATED","DATE_UPDATED") VALUES('1350100190894505984','1347027918121086976','SOUL.BUTTON.PLUGIN.SELECTOR.EDIT','','','',2,5,'',1,0,'plugin:resilience4jSelector:edit',1,'2021-01-15 23:19:04','2021-01-17 11:57:34');
INSERT INTO "SOUL"."RESOURCE"("ID","PARENT_ID","TITLE","NAME","URL","COMPONENT","RESOURCE_TYPE","SORT","ICON","IS_LEAF","IS_ROUTE","PERMS","STATUS","DATE_CREATED","DATE_UPDATED") VALUES('1350100193801158656','1347027918121086976','SOUL.BUTTON.PLUGIN.RULE.EDIT','','','',2,6,'',1,0,'plugin:resilience4jRule:edit',1,'2021-01-15 23:19:05','2021-01-17 11:57:37');
INSERT INTO "SOUL"."RESOURCE"("ID","PARENT_ID","TITLE","NAME","URL","COMPONENT","RESOURCE_TYPE","SORT","ICON","IS_LEAF","IS_ROUTE","PERMS","STATUS","DATE_CREATED","DATE_UPDATED") VALUES('1350100229360467968','1347027995199811584','SOUL.BUTTON.PLUGIN.SELECTOR.EDIT','','','',2,5,'',1,0,'plugin:tarsSelector:edit',1,'2021-01-15 23:19:13','2021-01-17 11:57:34');
INSERT INTO "SOUL"."RESOURCE"("ID","PARENT_ID","TITLE","NAME","URL","COMPONENT","RESOURCE_TYPE","SORT","ICON","IS_LEAF","IS_ROUTE","PERMS","STATUS","DATE_CREATED","DATE_UPDATED") VALUES('1350100232451670016','1347027995199811584','SOUL.BUTTON.PLUGIN.RULE.EDIT','','','',2,6,'',1,0,'plugin:tarsRule:edit',1,'2021-01-15 23:19:14','2021-01-17 11:57:37');
INSERT INTO "SOUL"."RESOURCE"("ID","PARENT_ID","TITLE","NAME","URL","COMPONENT","RESOURCE_TYPE","SORT","ICON","IS_LEAF","IS_ROUTE","PERMS","STATUS","DATE_CREATED","DATE_UPDATED") VALUES('1350100269307019264','1347028169120821248','SOUL.BUTTON.PLUGIN.SELECTOR.EDIT','','','',2,5,'',1,0,'plugin:context_pathSelector:edit',1,'2021-01-15 23:19:23','2021-01-17 11:57:34');
INSERT INTO "SOUL"."RESOURCE"("ID","PARENT_ID","TITLE","NAME","URL","COMPONENT","RESOURCE_TYPE","SORT","ICON","IS_LEAF","IS_ROUTE","PERMS","STATUS","DATE_CREATED","DATE_UPDATED") VALUES('1350100272083648512','1347028169120821248','SOUL.BUTTON.PLUGIN.RULE.EDIT','','','',2,6,'',1,0,'plugin:context_pathRule:edit',1,'2021-01-15 23:19:23','2021-01-17 11:57:37');
INSERT INTO "SOUL"."RESOURCE"("ID","PARENT_ID","TITLE","NAME","URL","COMPONENT","RESOURCE_TYPE","SORT","ICON","IS_LEAF","IS_ROUTE","PERMS","STATUS","DATE_CREATED","DATE_UPDATED") VALUES('1350100334205485056','1347063567603609600','SOUL.BUTTON.PLUGIN.SELECTOR.EDIT','','','',2,5,'',1,0,'plugin:sofaSelector:edit',1,'2021-01-15 23:19:38','2021-01-17 11:57:34');
INSERT INTO "SOUL"."RESOURCE"("ID","PARENT_ID","TITLE","NAME","URL","COMPONENT","RESOURCE_TYPE","SORT","ICON","IS_LEAF","IS_ROUTE","PERMS","STATUS","DATE_CREATED","DATE_UPDATED") VALUES('1350100337363795968','1347063567603609600','SOUL.BUTTON.PLUGIN.RULE.EDIT','','','',2,6,'',1,0,'plugin:sofaRule:edit',1,'2021-01-15 23:19:39','2021-01-17 11:57:37');
INSERT INTO "SOUL"."RESOURCE"("ID","PARENT_ID","TITLE","NAME","URL","COMPONENT","RESOURCE_TYPE","SORT","ICON","IS_LEAF","IS_ROUTE","PERMS","STATUS","DATE_CREATED","DATE_UPDATED") VALUES('1350100337363795969','1347028169120821249','SOUL.BUTTON.PLUGIN.SELECTOR.ADD','','','',2,0,'',1,0,'plugin:grpcSelector:add',1,'2021-01-07 13:33:07','2021-01-17 11:46:18');
INSERT INTO "SOUL"."RESOURCE"("ID","PARENT_ID","TITLE","NAME","URL","COMPONENT","RESOURCE_TYPE","SORT","ICON","IS_LEAF","IS_ROUTE","PERMS","STATUS","DATE_CREATED","DATE_UPDATED") VALUES('1350100337363795970','1347028169120821249','SOUL.BUTTON.PLUGIN.SELECTOR.DELETE','','','',2,1,'',1,0,'plugin:grpcSelector:delete',1,'2021-01-07 13:33:08','2021-01-17 11:47:02');
INSERT INTO "SOUL"."RESOURCE"("ID","PARENT_ID","TITLE","NAME","URL","COMPONENT","RESOURCE_TYPE","SORT","ICON","IS_LEAF","IS_ROUTE","PERMS","STATUS","DATE_CREATED","DATE_UPDATED") VALUES('1350100337363795971','1347028169120821249','SOUL.BUTTON.PLUGIN.RULE.ADD','','','',2,2,'',1,0,'plugin:grpcRule:add',1,'2021-01-07 13:33:09','2021-01-17 11:46:32');
INSERT INTO "SOUL"."RESOURCE"("ID","PARENT_ID","TITLE","NAME","URL","COMPONENT","RESOURCE_TYPE","SORT","ICON","IS_LEAF","IS_ROUTE","PERMS","STATUS","DATE_CREATED","DATE_UPDATED") VALUES('1350100337363795972','1347028169120821249','SOUL.BUTTON.PLUGIN.RULE.DELETE','','','',2,3,'',1,0,'plugin:grpcRule:delete',1,'2021-01-07 13:33:09','2021-01-17 11:46:59');
INSERT INTO "SOUL"."RESOURCE"("ID","PARENT_ID","TITLE","NAME","URL","COMPONENT","RESOURCE_TYPE","SORT","ICON","IS_LEAF","IS_ROUTE","PERMS","STATUS","DATE_CREATED","DATE_UPDATED") VALUES('1350100337363795973','1347028169120821249','SOUL.BUTTON.PLUGIN.SYNCHRONIZE','','','',2,4,'',1,0,'plugin:grpc:modify',1,'2021-01-07 13:33:10','2021-01-17 11:56:30');
INSERT INTO "SOUL"."RESOURCE"("ID","PARENT_ID","TITLE","NAME","URL","COMPONENT","RESOURCE_TYPE","SORT","ICON","IS_LEAF","IS_ROUTE","PERMS","STATUS","DATE_CREATED","DATE_UPDATED") VALUES('1350100337363795974','1347028169120821249','SOUL.BUTTON.PLUGIN.SELECTOR.EDIT','','','',2,5,'',1,0,'plugin:grpcSelector:edit',1,'2021-01-15 23:19:13','2021-01-17 11:57:34');
INSERT INTO "SOUL"."RESOURCE"("ID","PARENT_ID","TITLE","NAME","URL","COMPONENT","RESOURCE_TYPE","SORT","ICON","IS_LEAF","IS_ROUTE","PERMS","STATUS","DATE_CREATED","DATE_UPDATED") VALUES('1350100337363795975','1347028169120821249','SOUL.BUTTON.PLUGIN.RULE.EDIT','','','',2,6,'',1,0,'plugin:grpcRule:edit',1,'2021-01-15 23:19:14','2021-01-17 11:57:37');
INSERT INTO "SOUL"."RESOURCE"("ID","PARENT_ID","TITLE","NAME","URL","COMPONENT","RESOURCE_TYPE","SORT","ICON","IS_LEAF","IS_ROUTE","PERMS","STATUS","DATE_CREATED","DATE_UPDATED") VALUES('1350106119681622016','1346776175553376256','SOUL.MENU.SYSTEM.MANAGMENT.ROLE','role','/system/role','role',1,0,'usergroup-add',0,0,'',1,'2021-01-15 23:42:37','2021-01-17 16:00:24');
INSERT INTO "SOUL"."RESOURCE"("ID","PARENT_ID","TITLE","NAME","URL","COMPONENT","RESOURCE_TYPE","SORT","ICON","IS_LEAF","IS_ROUTE","PERMS","STATUS","DATE_CREATED","DATE_UPDATED") VALUES('1350107709494804480','1350106119681622016','SOUL.BUTTON.SYSTEM.ADD','','','',2,0,'',1,0,'system:role:add',1,'2021-01-15 23:48:56','2021-01-17 11:21:44');
INSERT INTO "SOUL"."RESOURCE"("ID","PARENT_ID","TITLE","NAME","URL","COMPONENT","RESOURCE_TYPE","SORT","ICON","IS_LEAF","IS_ROUTE","PERMS","STATUS","DATE_CREATED","DATE_UPDATED") VALUES('1350107842236137472','1350106119681622016','SOUL.BUTTON.SYSTEM.LIST','','','',2,1,'',1,0,'system:role:list',1,'2021-01-15 23:49:28','2021-01-17 11:21:44');
INSERT INTO "SOUL"."RESOURCE"("ID","PARENT_ID","TITLE","NAME","URL","COMPONENT","RESOURCE_TYPE","SORT","ICON","IS_LEAF","IS_ROUTE","PERMS","STATUS","DATE_CREATED","DATE_UPDATED") VALUES('1350112406754766848','1350106119681622016','SOUL.BUTTON.SYSTEM.DELETE','','','',2,2,'',1,0,'system:role:delete',1,'2021-01-16 00:07:36','2021-01-17 11:21:44');
INSERT INTO "SOUL"."RESOURCE"("ID","PARENT_ID","TITLE","NAME","URL","COMPONENT","RESOURCE_TYPE","SORT","ICON","IS_LEAF","IS_ROUTE","PERMS","STATUS","DATE_CREATED","DATE_UPDATED") VALUES('1350112481253994496','1350106119681622016','SOUL.BUTTON.SYSTEM.EDIT','','','',2,3,'',1,0,'system:role:edit',1,'2021-01-16 00:07:54','2021-01-17 11:21:44');
INSERT INTO "SOUL"."RESOURCE"("ID","PARENT_ID","TITLE","NAME","URL","COMPONENT","RESOURCE_TYPE","SORT","ICON","IS_LEAF","IS_ROUTE","PERMS","STATUS","DATE_CREATED","DATE_UPDATED") VALUES('1350804501819195392','1346777766301888512','SOUL.BUTTON.SYSTEM.EDITRESOURCEDETAILS','','','',2,6,'',1,0,'system:authen:editResourceDetails',1,'2021-01-17 21:57:45','2021-01-17 21:57:44');
INSERT INTO "SOUL"."RESOURCE"("ID","PARENT_ID","TITLE","NAME","URL","COMPONENT","RESOURCE_TYPE","SORT","ICON","IS_LEAF","IS_ROUTE","PERMS","STATUS","DATE_CREATED","DATE_UPDATED") VALUES('1355163372527050752','1346776175553376256','SOUL.MENU.SYSTEM.MANAGMENT.RESOURCE','resource','/system/resource','resource',1,2,'menu',0,0,'',1,'2021-01-29 22:38:20','2021-02-06 14:04:23');
INSERT INTO "SOUL"."RESOURCE"("ID","PARENT_ID","TITLE","NAME","URL","COMPONENT","RESOURCE_TYPE","SORT","ICON","IS_LEAF","IS_ROUTE","PERMS","STATUS","DATE_CREATED","DATE_UPDATED") VALUES('1355165158419750912','1355163372527050752','SOUL.BUTTON.RESOURCE.MENU.ADD','','','',2,1,'',1,0,'system:resource:addMenu',1,'2021-01-29 22:45:26','2021-02-06 17:10:40');
INSERT INTO "SOUL"."RESOURCE"("ID","PARENT_ID","TITLE","NAME","URL","COMPONENT","RESOURCE_TYPE","SORT","ICON","IS_LEAF","IS_ROUTE","PERMS","STATUS","DATE_CREATED","DATE_UPDATED") VALUES('1355165353534578688','1355163372527050752','SOUL.BUTTON.SYSTEM.LIST','','','',2,0,'',1,0,'system:resource:list',1,'2021-01-29 22:46:13','2021-02-06 17:10:40');
INSERT INTO "SOUL"."RESOURCE"("ID","PARENT_ID","TITLE","NAME","URL","COMPONENT","RESOURCE_TYPE","SORT","ICON","IS_LEAF","IS_ROUTE","PERMS","STATUS","DATE_CREATED","DATE_UPDATED") VALUES('1355165475785957376','1355163372527050752','SOUL.BUTTON.RESOURCE.MENU.DELETE','','','',2,2,'',1,0,'system:resource:deleteMenu',1,'2021-01-29 22:46:42','2021-02-06 16:59:02');
INSERT INTO "SOUL"."RESOURCE"("ID","PARENT_ID","TITLE","NAME","URL","COMPONENT","RESOURCE_TYPE","SORT","ICON","IS_LEAF","IS_ROUTE","PERMS","STATUS","DATE_CREATED","DATE_UPDATED") VALUES('1355165608565039104','1355163372527050752','SOUL.BUTTON.RESOURCE.MENU.EDIT','','','',2,3,'',1,0,'system:resource:editMenu',1,'2021-01-29 22:47:13','2021-02-06 16:59:02');
INSERT INTO "SOUL"."RESOURCE"("ID","PARENT_ID","TITLE","NAME","URL","COMPONENT","RESOURCE_TYPE","SORT","ICON","IS_LEAF","IS_ROUTE","PERMS","STATUS","DATE_CREATED","DATE_UPDATED") VALUES('1357956838021890048','','SOUL.MENU.CONFIG.MANAGMENT','config','/config','config',0,1,'api',0,0,'',1,'2021-02-06 15:38:34','2021-02-06 15:47:25');
INSERT INTO "SOUL"."RESOURCE"("ID","PARENT_ID","TITLE","NAME","URL","COMPONENT","RESOURCE_TYPE","SORT","ICON","IS_LEAF","IS_ROUTE","PERMS","STATUS","DATE_CREATED","DATE_UPDATED") VALUES('1357977745889132544','1355163372527050752','SOUL.BUTTON.RESOURCE.BUTTON.ADD','','','',2,4,'',1,0,'system:resource:addButton',1,'2021-02-06 17:01:39','2021-02-06 17:04:35');
INSERT INTO "SOUL"."RESOURCE"("ID","PARENT_ID","TITLE","NAME","URL","COMPONENT","RESOURCE_TYPE","SORT","ICON","IS_LEAF","IS_ROUTE","PERMS","STATUS","DATE_CREATED","DATE_UPDATED") VALUES('1357977912126177280','1355163372527050752','SOUL.SYSTEM.EDITOR','','','',2,5,'',1,0,'system:resource:editButton',1,'2021-02-06 17:02:19','2021-02-06 17:23:57');
INSERT INTO "SOUL"."RESOURCE"("ID","PARENT_ID","TITLE","NAME","URL","COMPONENT","RESOURCE_TYPE","SORT","ICON","IS_LEAF","IS_ROUTE","PERMS","STATUS","DATE_CREATED","DATE_UPDATED") VALUES('1357977971827900416','1355163372527050752','SOUL.SYSTEM.DELETEDATA','','','',2,6,'',1,0,'system:resource:deleteButton',1,'2021-02-06 17:02:33','2021-02-06 17:25:28');

INSERT INTO "SOUL"."PLUGIN_HANDLE"("ID","PLUGIN_ID","FIELD","LABEL","DATA_TYPE","TYPE","SORT","EXT_OBJ","DATE_CREATED","DATE_UPDATED") VALUES('1','10','flowRuleGrade','flowRuleGrade',3,2,8,'{"required":"1","defaultValue":"1","rule":""}','2020-11-09 01:19:10','2020-11-09 01:19:10');
INSERT INTO "SOUL"."PLUGIN_HANDLE"("ID","PLUGIN_ID","FIELD","LABEL","DATA_TYPE","TYPE","SORT","EXT_OBJ","DATE_CREATED","DATE_UPDATED") VALUES('10','2','statusCode','statusCode',2,2,2,null,'2020-11-22 12:04:10','2020-11-22 12:04:10');
INSERT INTO "SOUL"."PLUGIN_HANDLE"("ID","PLUGIN_ID","FIELD","LABEL","DATA_TYPE","TYPE","SORT","EXT_OBJ","DATE_CREATED","DATE_UPDATED") VALUES('11','4','replenishRate','replenishRate',2,2,2,'{"required":"1","defaultValue":"10","rule":""}','2020-11-24 00:17:10','2020-11-24 00:17:10');
INSERT INTO "SOUL"."PLUGIN_HANDLE"("ID","PLUGIN_ID","FIELD","LABEL","DATA_TYPE","TYPE","SORT","EXT_OBJ","DATE_CREATED","DATE_UPDATED") VALUES('12','4','burstCapacity','burstCapacity',2,2,3,'{"required":"1","defaultValue":"100","rule":""}','2020-11-24 00:17:10','2020-11-24 00:17:10');
INSERT INTO "SOUL"."PLUGIN_HANDLE"("ID","PLUGIN_ID","FIELD","LABEL","DATA_TYPE","TYPE","SORT","EXT_OBJ","DATE_CREATED","DATE_UPDATED") VALUES('13','3','rewriteURI','rewriteURI',2,2,1,null,'2020-11-29 16:07:10','2020-11-29 16:07:10');
INSERT INTO "SOUL"."PLUGIN_HANDLE"("ID","PLUGIN_ID","FIELD","LABEL","DATA_TYPE","TYPE","SORT","EXT_OBJ","DATE_CREATED","DATE_UPDATED") VALUES('14','8','path','path',2,2,1,null,'2020-11-29 16:07:10','2020-11-29 16:07:10');
INSERT INTO "SOUL"."PLUGIN_HANDLE"("ID","PLUGIN_ID","FIELD","LABEL","DATA_TYPE","TYPE","SORT","EXT_OBJ","DATE_CREATED","DATE_UPDATED") VALUES('15','8','timeout','timeout (ms)',1,2,2,null,'2020-11-29 16:07:10','2020-11-29 16:07:10');
INSERT INTO "SOUL"."PLUGIN_HANDLE"("ID","PLUGIN_ID","FIELD","LABEL","DATA_TYPE","TYPE","SORT","EXT_OBJ","DATE_CREATED","DATE_UPDATED") VALUES('16','8','serviceId','serviceId',2,1,1,null,'2020-11-29 16:07:10','2020-11-29 16:07:10');
INSERT INTO "SOUL"."PLUGIN_HANDLE"("ID","PLUGIN_ID","FIELD","LABEL","DATA_TYPE","TYPE","SORT","EXT_OBJ","DATE_CREATED","DATE_UPDATED") VALUES('17','12','timeoutDurationRate','timeoutDurationRate (ms)',1,2,1,'{"required":"1","defaultValue":"5000","rule":""}','2020-11-28 11:08:14','2020-11-28 11:19:12');
INSERT INTO "SOUL"."PLUGIN_HANDLE"("ID","PLUGIN_ID","FIELD","LABEL","DATA_TYPE","TYPE","SORT","EXT_OBJ","DATE_CREATED","DATE_UPDATED") VALUES('18','12','limitRefreshPeriod','limitRefreshPeriod (ms)',1,2,0,'{"required":"1","defaultValue":"500","rule":""}','2020-11-28 11:18:54','2020-11-28 11:22:40');
INSERT INTO "SOUL"."PLUGIN_HANDLE"("ID","PLUGIN_ID","FIELD","LABEL","DATA_TYPE","TYPE","SORT","EXT_OBJ","DATE_CREATED","DATE_UPDATED") VALUES('19','12','limitForPeriod','limitForPeriod',1,2,0,'{"required":"1","defaultValue":"50","rule":""}','2020-11-28 11:20:11','2020-11-28 11:20:11');
INSERT INTO "SOUL"."PLUGIN_HANDLE"("ID","PLUGIN_ID","FIELD","LABEL","DATA_TYPE","TYPE","SORT","EXT_OBJ","DATE_CREATED","DATE_UPDATED") VALUES('2','10','flowRuleControlBehavior','flowRuleControlBehavior',3,2,5,'{"required":"1","defaultValue":"0","rule":""}','2020-11-09 01:19:10','2020-11-09 01:19:10');
INSERT INTO "SOUL"."PLUGIN_HANDLE"("ID","PLUGIN_ID","FIELD","LABEL","DATA_TYPE","TYPE","SORT","EXT_OBJ","DATE_CREATED","DATE_UPDATED") VALUES('20','12','circuitEnable','circuitEnable',1,2,2,'{"required":"1","defaultValue":"0","rule":"/^[01]$/"}','2020-11-28 11:23:09','2020-11-28 11:24:12');
INSERT INTO "SOUL"."PLUGIN_HANDLE"("ID","PLUGIN_ID","FIELD","LABEL","DATA_TYPE","TYPE","SORT","EXT_OBJ","DATE_CREATED","DATE_UPDATED") VALUES('21','12','timeoutDuration','timeoutDuration (ms)',1,2,2,'{"required":"1","defaultValue":"30000","rule":""}','2020-11-28 11:25:56','2020-11-28 11:25:56');
INSERT INTO "SOUL"."PLUGIN_HANDLE"("ID","PLUGIN_ID","FIELD","LABEL","DATA_TYPE","TYPE","SORT","EXT_OBJ","DATE_CREATED","DATE_UPDATED") VALUES('22','12','fallbackUri','fallbackUri',2,2,2,null,'2020-11-28 11:26:44','2020-11-28 11:26:51');
INSERT INTO "SOUL"."PLUGIN_HANDLE"("ID","PLUGIN_ID","FIELD","LABEL","DATA_TYPE","TYPE","SORT","EXT_OBJ","DATE_CREATED","DATE_UPDATED") VALUES('23','12','slidingWindowSize','slidingWindowSize',1,2,2,'{"required":"1","defaultValue":"100","rule":""}','2020-11-28 11:27:34','2020-11-28 11:27:34');
INSERT INTO "SOUL"."PLUGIN_HANDLE"("ID","PLUGIN_ID","FIELD","LABEL","DATA_TYPE","TYPE","SORT","EXT_OBJ","DATE_CREATED","DATE_UPDATED") VALUES('24','12','slidingWindowType','slidingWindowType',1,2,2,'{"required":"1","defaultValue":"0","rule":"/^[01]$/"}','2020-11-28 11:28:05','2020-11-28 11:28:05');
INSERT INTO "SOUL"."PLUGIN_HANDLE"("ID","PLUGIN_ID","FIELD","LABEL","DATA_TYPE","TYPE","SORT","EXT_OBJ","DATE_CREATED","DATE_UPDATED") VALUES('25','12','minimumNumberOfCalls','minimumNumberOfCalls',1,2,2,'{"required":"1","defaultValue":"100","rule":""}','2020-11-28 11:28:34','2020-11-28 11:28:34');
INSERT INTO "SOUL"."PLUGIN_HANDLE"("ID","PLUGIN_ID","FIELD","LABEL","DATA_TYPE","TYPE","SORT","EXT_OBJ","DATE_CREATED","DATE_UPDATED") VALUES('26','12','waitIntervalFunctionInOpenState','waitIntervalInOpen',1,2,2,'{"required":"1","defaultValue":"60000","rule":""}','2020-11-28 11:29:01','2020-11-28 11:29:01');
INSERT INTO "SOUL"."PLUGIN_HANDLE"("ID","PLUGIN_ID","FIELD","LABEL","DATA_TYPE","TYPE","SORT","EXT_OBJ","DATE_CREATED","DATE_UPDATED") VALUES('27','12','permittedNumberOfCallsInHalfOpenState','bufferSizeInHalfOpen',1,2,2,'{"required":"1","defaultValue":"10","rule":""}','2020-11-28 11:29:55','2020-11-28 11:29:55');
INSERT INTO "SOUL"."PLUGIN_HANDLE"("ID","PLUGIN_ID","FIELD","LABEL","DATA_TYPE","TYPE","SORT","EXT_OBJ","DATE_CREATED","DATE_UPDATED") VALUES('28','12','failureRateThreshold','failureRateThreshold',1,2,2,'{"required":"1","defaultValue":"50","rule":""}','2020-11-28 11:30:40','2020-11-28 11:30:40');
INSERT INTO "SOUL"."PLUGIN_HANDLE"("ID","PLUGIN_ID","FIELD","LABEL","DATA_TYPE","TYPE","SORT","EXT_OBJ","DATE_CREATED","DATE_UPDATED") VALUES('29','14','contextPath','contextPath',2,2,0,null,'2020-12-25 16:13:09','2020-12-25 16:13:09');
INSERT INTO "SOUL"."PLUGIN_HANDLE"("ID","PLUGIN_ID","FIELD","LABEL","DATA_TYPE","TYPE","SORT","EXT_OBJ","DATE_CREATED","DATE_UPDATED") VALUES('3','10','flowRuleEnable','flowRuleEnable (1 or 0)',1,2,7,'{"required":"1","defaultValue":"1","rule":"/^[01]$/"}','2020-11-09 01:19:10','2020-11-09 01:19:10');
INSERT INTO "SOUL"."PLUGIN_HANDLE"("ID","PLUGIN_ID","FIELD","LABEL","DATA_TYPE","TYPE","SORT","EXT_OBJ","DATE_CREATED","DATE_UPDATED") VALUES('30','4','mode','mode',3,3,1,null,'2020-12-25 00:00:00','2020-12-25 00:00:00');
INSERT INTO "SOUL"."PLUGIN_HANDLE"("ID","PLUGIN_ID","FIELD","LABEL","DATA_TYPE","TYPE","SORT","EXT_OBJ","DATE_CREATED","DATE_UPDATED") VALUES('31','4','master','master',2,3,2,null,'2020-12-25 00:00:00','2020-12-25 00:00:00');
INSERT INTO "SOUL"."PLUGIN_HANDLE"("ID","PLUGIN_ID","FIELD","LABEL","DATA_TYPE","TYPE","SORT","EXT_OBJ","DATE_CREATED","DATE_UPDATED") VALUES('32','4','url','url',2,3,3,null,'2020-12-25 00:00:00','2020-12-25 00:00:00');
INSERT INTO "SOUL"."PLUGIN_HANDLE"("ID","PLUGIN_ID","FIELD","LABEL","DATA_TYPE","TYPE","SORT","EXT_OBJ","DATE_CREATED","DATE_UPDATED") VALUES('33','4','password','password',2,3,4,null,'2020-12-25 00:00:00','2020-12-25 00:00:00');
INSERT INTO "SOUL"."PLUGIN_HANDLE"("ID","PLUGIN_ID","FIELD","LABEL","DATA_TYPE","TYPE","SORT","EXT_OBJ","DATE_CREATED","DATE_UPDATED") VALUES('34','11','protocol','protocol',2,3,1,null,'2020-12-25 00:00:00','2020-12-25 00:00:00');
INSERT INTO "SOUL"."PLUGIN_HANDLE"("ID","PLUGIN_ID","FIELD","LABEL","DATA_TYPE","TYPE","SORT","EXT_OBJ","DATE_CREATED","DATE_UPDATED") VALUES('35','11','register','register',2,3,2,null,'2020-12-25 00:00:00','2020-12-25 00:00:00');
INSERT INTO "SOUL"."PLUGIN_HANDLE"("ID","PLUGIN_ID","FIELD","LABEL","DATA_TYPE","TYPE","SORT","EXT_OBJ","DATE_CREATED","DATE_UPDATED") VALUES('36','2','model','model',2,3,1,null,'2020-12-25 00:00:00','2020-12-25 00:00:00');
INSERT INTO "SOUL"."PLUGIN_HANDLE"("ID","PLUGIN_ID","FIELD","LABEL","DATA_TYPE","TYPE","SORT","EXT_OBJ","DATE_CREATED","DATE_UPDATED") VALUES('37','6','register','register',2,3,1,null,'2020-12-25 00:00:00','2020-12-25 00:00:00');
INSERT INTO "SOUL"."PLUGIN_HANDLE"("ID","PLUGIN_ID","FIELD","LABEL","DATA_TYPE","TYPE","SORT","EXT_OBJ","DATE_CREATED","DATE_UPDATED") VALUES('38','7','metricsName','metricsName',2,3,1,null,'2020-12-25 00:00:00','2020-12-25 00:00:00');
INSERT INTO "SOUL"."PLUGIN_HANDLE"("ID","PLUGIN_ID","FIELD","LABEL","DATA_TYPE","TYPE","SORT","EXT_OBJ","DATE_CREATED","DATE_UPDATED") VALUES('39','7','host','host',2,3,2,null,'2020-12-25 00:00:00','2020-12-25 00:00:00');
INSERT INTO "SOUL"."PLUGIN_HANDLE"("ID","PLUGIN_ID","FIELD","LABEL","DATA_TYPE","TYPE","SORT","EXT_OBJ","DATE_CREATED","DATE_UPDATED") VALUES('4','10','flowRuleCount','flowRuleCount',1,2,6,'{"required":"1","defaultValue":"0","rule":""}','2020-11-09 01:19:10','2020-11-09 01:19:10');
INSERT INTO "SOUL"."PLUGIN_HANDLE"("ID","PLUGIN_ID","FIELD","LABEL","DATA_TYPE","TYPE","SORT","EXT_OBJ","DATE_CREATED","DATE_UPDATED") VALUES('40','7','port','port',2,3,3,'{"rule":"/^[0-9]*$/"}','2020-12-25 00:00:00','2020-12-25 00:00:00');
INSERT INTO "SOUL"."PLUGIN_HANDLE"("ID","PLUGIN_ID","FIELD","LABEL","DATA_TYPE","TYPE","SORT","EXT_OBJ","DATE_CREATED","DATE_UPDATED") VALUES('41','7','async','async',2,3,4,null,'2020-12-25 00:00:00','2020-12-25 00:00:00');
INSERT INTO "SOUL"."PLUGIN_HANDLE"("ID","PLUGIN_ID","FIELD","LABEL","DATA_TYPE","TYPE","SORT","EXT_OBJ","DATE_CREATED","DATE_UPDATED") VALUES('42','16','redirectURI','redirectURI',2,2,1,null,'2020-11-29 16:07:10','2020-11-29 16:07:10');
INSERT INTO "SOUL"."PLUGIN_HANDLE"("ID","PLUGIN_ID","FIELD","LABEL","DATA_TYPE","TYPE","SORT","EXT_OBJ","DATE_CREATED","DATE_UPDATED") VALUES('43','4','algorithmName','algorithmName',3,2,1,'{"required":"1","defaultValue":"slidingWindow","rule":""}','2020-11-09 01:19:10','2020-11-09 01:19:10');
INSERT INTO "SOUL"."PLUGIN_HANDLE"("ID","PLUGIN_ID","FIELD","LABEL","DATA_TYPE","TYPE","SORT","EXT_OBJ","DATE_CREATED","DATE_UPDATED") VALUES('44','5','upstreamHost','host',2,1,0,null,'2021-03-06 21:23:41','2021-03-09 10:32:51');
INSERT INTO "SOUL"."PLUGIN_HANDLE"("ID","PLUGIN_ID","FIELD","LABEL","DATA_TYPE","TYPE","SORT","EXT_OBJ","DATE_CREATED","DATE_UPDATED") VALUES('45','5','protocol','protocol',2,1,2,'{"required":"1","defaultValue":"","placeholder":"http://","rule":""}','2021-03-06 21:25:37','2021-03-09 10:32:51');
INSERT INTO "SOUL"."PLUGIN_HANDLE"("ID","PLUGIN_ID","FIELD","LABEL","DATA_TYPE","TYPE","SORT","EXT_OBJ","DATE_CREATED","DATE_UPDATED") VALUES('46','5','upstreamUrl','ip:port',2,1,1,'{"required":"1","placeholder":"","rule":""}','2021-03-06 21:25:55','2021-03-09 10:32:51');
INSERT INTO "SOUL"."PLUGIN_HANDLE"("ID","PLUGIN_ID","FIELD","LABEL","DATA_TYPE","TYPE","SORT","EXT_OBJ","DATE_CREATED","DATE_UPDATED") VALUES('47','5','weight','weight',1,1,3,'{"defaultValue":"50","rule":""}','2021-03-06 21:26:35','2021-03-09 10:32:51');
INSERT INTO "SOUL"."PLUGIN_HANDLE"("ID","PLUGIN_ID","FIELD","LABEL","DATA_TYPE","TYPE","SORT","EXT_OBJ","DATE_CREATED","DATE_UPDATED") VALUES('48','5','timestamp','startupTime',1,1,3,'{"defaultValue":"0","placeholder":"startup timestamp","rule":""}','2021-03-06 21:27:11','2021-03-09 10:32:51');
INSERT INTO "SOUL"."PLUGIN_HANDLE"("ID","PLUGIN_ID","FIELD","LABEL","DATA_TYPE","TYPE","SORT","EXT_OBJ","DATE_CREATED","DATE_UPDATED") VALUES('49','5','warmup','warmupTime',1,1,5,'{"defaultValue":"0","placeholder":"warmup time (ms)","rule":""}','2021-03-06 21:27:34','2021-03-09 10:32:51');
INSERT INTO "SOUL"."PLUGIN_HANDLE"("ID","PLUGIN_ID","FIELD","LABEL","DATA_TYPE","TYPE","SORT","EXT_OBJ","DATE_CREATED","DATE_UPDATED") VALUES('5','10','degradeRuleEnable','degradeRuleEnable (1 or 0)',1,2,2,'{"required":"1","defaultValue":"1","rule":"/^[01]$/"}','2020-11-09 01:19:10','2020-11-09 01:19:10');
INSERT INTO "SOUL"."PLUGIN_HANDLE"("ID","PLUGIN_ID","FIELD","LABEL","DATA_TYPE","TYPE","SORT","EXT_OBJ","DATE_CREATED","DATE_UPDATED") VALUES('50','5','status','status',3,1,6,'{"defaultValue":"true","rule":""}','2021-03-06 21:29:16','2021-03-09 10:32:51');
INSERT INTO "SOUL"."PLUGIN_HANDLE"("ID","PLUGIN_ID","FIELD","LABEL","DATA_TYPE","TYPE","SORT","EXT_OBJ","DATE_CREATED","DATE_UPDATED") VALUES('51','5','loadBalance','loadStrategy',3,2,0,null,'2021-03-06 21:30:32','2021-03-09 10:32:51');
INSERT INTO "SOUL"."PLUGIN_HANDLE"("ID","PLUGIN_ID","FIELD","LABEL","DATA_TYPE","TYPE","SORT","EXT_OBJ","DATE_CREATED","DATE_UPDATED") VALUES('52','5','retry','retryCount',1,2,1,null,'2021-03-06 21:31:00','2021-03-09 10:32:51');
INSERT INTO "SOUL"."PLUGIN_HANDLE"("ID","PLUGIN_ID","FIELD","LABEL","DATA_TYPE","TYPE","SORT","EXT_OBJ","DATE_CREATED","DATE_UPDATED") VALUES('53','5','timeout','timeout',1,2,2,'{"defaultValue":"3000","rule":""}','2021-03-07 21:13:50','2021-03-09 10:32:51');
INSERT INTO "SOUL"."PLUGIN_HANDLE"("ID","PLUGIN_ID","FIELD","LABEL","DATA_TYPE","TYPE","SORT","EXT_OBJ","DATE_CREATED","DATE_UPDATED") VALUES('54','5','multiSelectorHandle','multiSelectorHandle',3,3,0,null,'2021-03-08 13:18:44','2021-03-09 10:32:51');
INSERT INTO "SOUL"."PLUGIN_HANDLE"("ID","PLUGIN_ID","FIELD","LABEL","DATA_TYPE","TYPE","SORT","EXT_OBJ","DATE_CREATED","DATE_UPDATED") VALUES('55','5','multiRuleHandle','multiRuleHandle',3,3,1,null,'2021-03-08 13:37:12','2021-03-09 10:32:51');
INSERT INTO "SOUL"."PLUGIN_HANDLE"("ID","PLUGIN_ID","FIELD","LABEL","DATA_TYPE","TYPE","SORT","EXT_OBJ","DATE_CREATED","DATE_UPDATED") VALUES('56','13','upstreamHost','host',2,1,0,null,'2021-03-06 21:23:41','2021-03-09 10:32:51');
INSERT INTO "SOUL"."PLUGIN_HANDLE"("ID","PLUGIN_ID","FIELD","LABEL","DATA_TYPE","TYPE","SORT","EXT_OBJ","DATE_CREATED","DATE_UPDATED") VALUES('57','13','protocol','protocol',2,1,2,'{"defaultValue":"","rule":""}','2021-03-06 21:25:37','2021-03-09 10:32:51');
INSERT INTO "SOUL"."PLUGIN_HANDLE"("ID","PLUGIN_ID","FIELD","LABEL","DATA_TYPE","TYPE","SORT","EXT_OBJ","DATE_CREATED","DATE_UPDATED") VALUES('58','13','upstreamUrl','ip:port',2,1,1,'{"required":"1","placeholder":"","rule":""}','2021-03-06 21:25:55','2021-03-09 10:32:51');
INSERT INTO "SOUL"."PLUGIN_HANDLE"("ID","PLUGIN_ID","FIELD","LABEL","DATA_TYPE","TYPE","SORT","EXT_OBJ","DATE_CREATED","DATE_UPDATED") VALUES('59','13','weight','weight',1,1,3,'{"defaultValue":"50","rule":""}','2021-03-06 21:26:35','2021-03-09 10:32:51');
INSERT INTO "SOUL"."PLUGIN_HANDLE"("ID","PLUGIN_ID","FIELD","LABEL","DATA_TYPE","TYPE","SORT","EXT_OBJ","DATE_CREATED","DATE_UPDATED") VALUES('6','10','degradeRuleGrade','degradeRuleGrade',3,2,3,'{"required":"1","defaultValue":"0","rule":""}','2020-11-09 01:19:10','2020-11-09 01:19:10');
INSERT INTO "SOUL"."PLUGIN_HANDLE"("ID","PLUGIN_ID","FIELD","LABEL","DATA_TYPE","TYPE","SORT","EXT_OBJ","DATE_CREATED","DATE_UPDATED") VALUES('60','13','timestamp','startupTime',1,1,3,'{"defaultValue":"0","placeholder":"startup timestamp","rule":""}','2021-03-06 21:27:11','2021-03-09 10:32:51');
INSERT INTO "SOUL"."PLUGIN_HANDLE"("ID","PLUGIN_ID","FIELD","LABEL","DATA_TYPE","TYPE","SORT","EXT_OBJ","DATE_CREATED","DATE_UPDATED") VALUES('61','13','warmup','warmupTime',1,1,5,'{"defaultValue":"0","placeholder":"warmup time (ms)","rule":""}','2021-03-06 21:27:34','2021-03-09 10:32:51');
INSERT INTO "SOUL"."PLUGIN_HANDLE"("ID","PLUGIN_ID","FIELD","LABEL","DATA_TYPE","TYPE","SORT","EXT_OBJ","DATE_CREATED","DATE_UPDATED") VALUES('62','13','status','status',3,1,6,'{"defaultValue":"true","rule":""}','2021-03-06 21:29:16','2021-03-09 10:32:51');
INSERT INTO "SOUL"."PLUGIN_HANDLE"("ID","PLUGIN_ID","FIELD","LABEL","DATA_TYPE","TYPE","SORT","EXT_OBJ","DATE_CREATED","DATE_UPDATED") VALUES('63','13','loadBalance','loadStrategy',3,2,0,null,'2021-03-06 21:30:32','2021-03-09 10:32:51');
INSERT INTO "SOUL"."PLUGIN_HANDLE"("ID","PLUGIN_ID","FIELD","LABEL","DATA_TYPE","TYPE","SORT","EXT_OBJ","DATE_CREATED","DATE_UPDATED") VALUES('64','13','retry','retryCount',1,2,1,null,'2021-03-06 21:31:00','2021-03-09 10:32:51');
INSERT INTO "SOUL"."PLUGIN_HANDLE"("ID","PLUGIN_ID","FIELD","LABEL","DATA_TYPE","TYPE","SORT","EXT_OBJ","DATE_CREATED","DATE_UPDATED") VALUES('65','13','timeout','timeout',1,2,2,'{"defaultValue":"3000","rule":""}','2021-03-07 21:13:50','2021-03-09 10:32:51');
INSERT INTO "SOUL"."PLUGIN_HANDLE"("ID","PLUGIN_ID","FIELD","LABEL","DATA_TYPE","TYPE","SORT","EXT_OBJ","DATE_CREATED","DATE_UPDATED") VALUES('66','13','multiSelectorHandle','multiSelectorHandle',3,3,0,null,'2021-03-08 13:18:44','2021-03-09 10:32:51');
INSERT INTO "SOUL"."PLUGIN_HANDLE"("ID","PLUGIN_ID","FIELD","LABEL","DATA_TYPE","TYPE","SORT","EXT_OBJ","DATE_CREATED","DATE_UPDATED") VALUES('67','13','multiRuleHandle','multiRuleHandle',3,3,1,null,'2021-03-08 13:37:12','2021-03-09 10:32:51');
INSERT INTO "SOUL"."PLUGIN_HANDLE"("ID","PLUGIN_ID","FIELD","LABEL","DATA_TYPE","TYPE","SORT","EXT_OBJ","DATE_CREATED","DATE_UPDATED") VALUES('7','10','degradeRuleCount','degradeRuleCount',1,2,1,'{"required":"1","defaultValue":"0","rule":""}','2020-11-09 01:19:10','2020-11-09 01:19:10');
INSERT INTO "SOUL"."PLUGIN_HANDLE"("ID","PLUGIN_ID","FIELD","LABEL","DATA_TYPE","TYPE","SORT","EXT_OBJ","DATE_CREATED","DATE_UPDATED") VALUES('70','15','upstreamUrl','ip:port',2,1,1,'{"required":"1","placeholder":"","rule":""}','2021-03-06 21:25:55','2021-03-09 10:32:51');
INSERT INTO "SOUL"."PLUGIN_HANDLE"("ID","PLUGIN_ID","FIELD","LABEL","DATA_TYPE","TYPE","SORT","EXT_OBJ","DATE_CREATED","DATE_UPDATED") VALUES('71','15','weight','weight',1,1,3,'{"defaultValue":"50","rule":""}','2021-03-06 21:26:35','2021-03-09 10:32:51');
INSERT INTO "SOUL"."PLUGIN_HANDLE"("ID","PLUGIN_ID","FIELD","LABEL","DATA_TYPE","TYPE","SORT","EXT_OBJ","DATE_CREATED","DATE_UPDATED") VALUES('74','15','status','status',3,1,6,'{"defaultValue":"true","rule":""}','2021-03-06 21:29:16','2021-03-09 10:32:51');
INSERT INTO "SOUL"."PLUGIN_HANDLE"("ID","PLUGIN_ID","FIELD","LABEL","DATA_TYPE","TYPE","SORT","EXT_OBJ","DATE_CREATED","DATE_UPDATED") VALUES('78','15','multiSelectorHandle','multiSelectorHandle',3,3,0,null,'2021-03-08 13:18:44','2021-03-09 10:32:51');
INSERT INTO "SOUL"."PLUGIN_HANDLE"("ID","PLUGIN_ID","FIELD","LABEL","DATA_TYPE","TYPE","SORT","EXT_OBJ","DATE_CREATED","DATE_UPDATED") VALUES('79','15','multiRuleHandle','multiRuleHandle',3,3,1,null,'2021-03-08 13:37:12','2021-03-09 10:32:51');
INSERT INTO "SOUL"."PLUGIN_HANDLE"("ID","PLUGIN_ID","FIELD","LABEL","DATA_TYPE","TYPE","SORT","EXT_OBJ","DATE_CREATED","DATE_UPDATED") VALUES('8','10','degradeRuleTimeWindow','degradeRuleTimeWindow',1,2,4,'{"required":"1","defaultValue":"0","rule":""}','2020-11-09 01:19:10','2020-11-09 01:19:10');
INSERT INTO "SOUL"."PLUGIN_HANDLE"("ID","PLUGIN_ID","FIELD","LABEL","DATA_TYPE","TYPE","SORT","EXT_OBJ","DATE_CREATED","DATE_UPDATED") VALUES('9','2','permission','permission',3,2,1,null,'2020-11-22 12:04:10','2020-11-22 12:04:10');

INSERT INTO "SOUL"."PLUGIN"("ID","NAME","CONFIG","ROLE","ENABLED","DATE_CREATED","DATE_UPDATED") VALUES('1','sign',null,1,0,'2018-06-14 10:17:35','2018-06-14 10:17:35');
INSERT INTO "SOUL"."PLUGIN"("ID","NAME","CONFIG","ROLE","ENABLED","DATE_CREATED","DATE_UPDATED") VALUES('10','sentinel',null,1,1,'2020-11-09 01:19:10','2021-06-15 15:44:13');
INSERT INTO "SOUL"."PLUGIN"("ID","NAME","CONFIG","ROLE","ENABLED","DATE_CREATED","DATE_UPDATED") VALUES('11','sofa','{"protocol":"zookeeper","register":"127.0.0.1:2181"}',0,0,'2020-11-09 01:19:10','2020-11-09 01:19:10');
INSERT INTO "SOUL"."PLUGIN"("ID","NAME","CONFIG","ROLE","ENABLED","DATE_CREATED","DATE_UPDATED") VALUES('12','resilience4j',null,1,1,'2020-11-09 01:19:10','2021-06-15 15:57:24');
INSERT INTO "SOUL"."PLUGIN"("ID","NAME","CONFIG","ROLE","ENABLED","DATE_CREATED","DATE_UPDATED") VALUES('13','tars','{"multiSelectorHandle":"1","multiRuleHandle":"0"}',1,0,'2020-11-09 01:19:10','2020-11-09 01:19:10');
INSERT INTO "SOUL"."PLUGIN"("ID","NAME","CONFIG","ROLE","ENABLED","DATE_CREATED","DATE_UPDATED") VALUES('14','context_path',null,1,0,'2020-11-09 01:19:10','2021-06-15 14:54:27');
INSERT INTO "SOUL"."PLUGIN"("ID","NAME","CONFIG","ROLE","ENABLED","DATE_CREATED","DATE_UPDATED") VALUES('15','grpc','{"multiSelectorHandle":"1","multiRuleHandle":"0"}',1,0,'2020-11-09 01:19:10','2020-11-09 01:19:10');
INSERT INTO "SOUL"."PLUGIN"("ID","NAME","CONFIG","ROLE","ENABLED","DATE_CREATED","DATE_UPDATED") VALUES('16','redirect',null,1,0,'2020-11-09 01:19:10','2020-11-09 01:19:10');
INSERT INTO "SOUL"."PLUGIN"("ID","NAME","CONFIG","ROLE","ENABLED","DATE_CREATED","DATE_UPDATED") VALUES('2','waf','{"model":"black"}',1,0,'2018-06-23 10:26:30','2018-06-13 15:43:10');
INSERT INTO "SOUL"."PLUGIN"("ID","NAME","CONFIG","ROLE","ENABLED","DATE_CREATED","DATE_UPDATED") VALUES('3','rewrite',null,1,0,'2018-06-23 10:26:34','2018-06-25 13:59:31');
INSERT INTO "SOUL"."PLUGIN"("ID","NAME","CONFIG","ROLE","ENABLED","DATE_CREATED","DATE_UPDATED") VALUES('4','rate_limiter','{"mode":"standalone","master":"mymaster","url":"192.168.0.116:6379","password":"wellsoft"}',1,1,'2018-06-23 10:26:37','2021-06-15 15:39:55');
INSERT INTO "SOUL"."PLUGIN"("ID","NAME","CONFIG","ROLE","ENABLED","DATE_CREATED","DATE_UPDATED") VALUES('5','divide','{"multiSelectorHandle":"1","multiRuleHandle":"0"}',0,1,'2018-06-25 10:19:10','2018-06-13 13:56:04');
INSERT INTO "SOUL"."PLUGIN"("ID","NAME","CONFIG","ROLE","ENABLED","DATE_CREATED","DATE_UPDATED") VALUES('6','dubbo','{"register":"zookeeper://localhost:2181"}',1,0,'2018-06-23 10:26:41','2018-06-11 10:11:47');
INSERT INTO "SOUL"."PLUGIN"("ID","NAME","CONFIG","ROLE","ENABLED","DATE_CREATED","DATE_UPDATED") VALUES('7','monitor','{"metricsName":"prometheus","host":"localhost","port":"9190","async":"true"}',1,0,'2018-06-25 13:47:57','2018-06-25 13:47:57');
INSERT INTO "SOUL"."PLUGIN"("ID","NAME","CONFIG","ROLE","ENABLED","DATE_CREATED","DATE_UPDATED") VALUES('8','springCloud',null,1,0,'2018-06-25 13:47:57','2018-06-25 13:47:57');
INSERT INTO "SOUL"."PLUGIN"("ID","NAME","CONFIG","ROLE","ENABLED","DATE_CREATED","DATE_UPDATED") VALUES('9','hystrix',null,0,1,'2020-01-15 10:19:10','2021-06-15 15:48:14');

INSERT INTO "SOUL"."PERMISSION"("ID","OBJECT_ID","RESOURCE_ID","DATE_CREATED","DATE_UPDATED") VALUES('1351007708572688384','1346358560427216896','1346775491550474240','2021-01-18 11:25:13','2021-01-18 11:25:12');
INSERT INTO "SOUL"."PERMISSION"("ID","OBJECT_ID","RESOURCE_ID","DATE_CREATED","DATE_UPDATED") VALUES('1351007708585271296','1346358560427216896','1346776175553376256','2021-01-18 11:25:13','2021-01-18 11:25:12');
INSERT INTO "SOUL"."PERMISSION"("ID","OBJECT_ID","RESOURCE_ID","DATE_CREATED","DATE_UPDATED") VALUES('1351007708593659904','1346358560427216896','1346777157943259136','2021-01-18 11:25:13','2021-01-18 11:25:12');
INSERT INTO "SOUL"."PERMISSION"("ID","OBJECT_ID","RESOURCE_ID","DATE_CREATED","DATE_UPDATED") VALUES('1351007708597854208','1346358560427216896','1346777449787125760','2021-01-18 11:25:13','2021-01-18 11:25:12');
INSERT INTO "SOUL"."PERMISSION"("ID","OBJECT_ID","RESOURCE_ID","DATE_CREATED","DATE_UPDATED") VALUES('1351007708606242816','1346358560427216896','1346777623011880960','2021-01-18 11:25:13','2021-01-18 11:25:12');
INSERT INTO "SOUL"."PERMISSION"("ID","OBJECT_ID","RESOURCE_ID","DATE_CREATED","DATE_UPDATED") VALUES('1351007708610437120','1346358560427216896','1346777766301888512','2021-01-18 11:25:13','2021-01-18 11:25:12');
INSERT INTO "SOUL"."PERMISSION"("ID","OBJECT_ID","RESOURCE_ID","DATE_CREATED","DATE_UPDATED") VALUES('1351007708614631424','1346358560427216896','1346777907096285184','2021-01-18 11:25:13','2021-01-18 11:25:12');
INSERT INTO "SOUL"."PERMISSION"("ID","OBJECT_ID","RESOURCE_ID","DATE_CREATED","DATE_UPDATED") VALUES('1351007708623020032','1346358560427216896','1346778036402483200','2021-01-18 11:25:13','2021-01-18 11:25:12');
INSERT INTO "SOUL"."PERMISSION"("ID","OBJECT_ID","RESOURCE_ID","DATE_CREATED","DATE_UPDATED") VALUES('1351007708627214336','1346358560427216896','1347026381504262144','2021-01-18 11:25:13','2021-01-18 11:25:12');
INSERT INTO "SOUL"."PERMISSION"("ID","OBJECT_ID","RESOURCE_ID","DATE_CREATED","DATE_UPDATED") VALUES('1351007708631408640','1346358560427216896','1347026805170909184','2021-01-18 11:25:13','2021-01-18 11:25:12');
INSERT INTO "SOUL"."PERMISSION"("ID","OBJECT_ID","RESOURCE_ID","DATE_CREATED","DATE_UPDATED") VALUES('1351007708639797248','1346358560427216896','1347027413357572096','2021-01-18 11:25:13','2021-01-18 11:25:12');
INSERT INTO "SOUL"."PERMISSION"("ID","OBJECT_ID","RESOURCE_ID","DATE_CREATED","DATE_UPDATED") VALUES('1351007708643991552','1346358560427216896','1347027482244820992','2021-01-18 11:25:13','2021-01-18 11:25:12');
INSERT INTO "SOUL"."PERMISSION"("ID","OBJECT_ID","RESOURCE_ID","DATE_CREATED","DATE_UPDATED") VALUES('1351007708648185856','1346358560427216896','1347027526339538944','2021-01-18 11:25:13','2021-01-18 11:25:12');
INSERT INTO "SOUL"."PERMISSION"("ID","OBJECT_ID","RESOURCE_ID","DATE_CREATED","DATE_UPDATED") VALUES('1351007708652380160','1346358560427216896','1347027566034432000','2021-01-18 11:25:13','2021-01-18 11:25:12');
INSERT INTO "SOUL"."PERMISSION"("ID","OBJECT_ID","RESOURCE_ID","DATE_CREATED","DATE_UPDATED") VALUES('1351007708656574464','1346358560427216896','1347027647999520768','2021-01-18 11:25:13','2021-01-18 11:25:12');
INSERT INTO "SOUL"."PERMISSION"("ID","OBJECT_ID","RESOURCE_ID","DATE_CREATED","DATE_UPDATED") VALUES('1351007708660768768','1346358560427216896','1347027717792739328','2021-01-18 11:25:13','2021-01-18 11:25:12');
INSERT INTO "SOUL"."PERMISSION"("ID","OBJECT_ID","RESOURCE_ID","DATE_CREATED","DATE_UPDATED") VALUES('1351007708669157376','1346358560427216896','1347027769747582976','2021-01-18 11:25:13','2021-01-18 11:25:12');
INSERT INTO "SOUL"."PERMISSION"("ID","OBJECT_ID","RESOURCE_ID","DATE_CREATED","DATE_UPDATED") VALUES('1351007708673351680','1346358560427216896','1347027830602739712','2021-01-18 11:25:13','2021-01-18 11:25:12');
INSERT INTO "SOUL"."PERMISSION"("ID","OBJECT_ID","RESOURCE_ID","DATE_CREATED","DATE_UPDATED") VALUES('1351007708677545984','1346358560427216896','1347027918121086976','2021-01-18 11:25:13','2021-01-18 11:25:12');
INSERT INTO "SOUL"."PERMISSION"("ID","OBJECT_ID","RESOURCE_ID","DATE_CREATED","DATE_UPDATED") VALUES('1351007708681740288','1346358560427216896','1347027995199811584','2021-01-18 11:25:13','2021-01-18 11:25:12');
INSERT INTO "SOUL"."PERMISSION"("ID","OBJECT_ID","RESOURCE_ID","DATE_CREATED","DATE_UPDATED") VALUES('1351007708685934592','1346358560427216896','1347028169120821248','2021-01-18 11:25:13','2021-01-18 11:25:12');
INSERT INTO "SOUL"."PERMISSION"("ID","OBJECT_ID","RESOURCE_ID","DATE_CREATED","DATE_UPDATED") VALUES('1351007708685934593','1346358560427216896','1347032308726902784','2021-01-18 11:25:13','2021-01-18 11:25:12');
INSERT INTO "SOUL"."PERMISSION"("ID","OBJECT_ID","RESOURCE_ID","DATE_CREATED","DATE_UPDATED") VALUES('1351007708690128896','1346358560427216896','1347032395901317120','2021-01-18 11:25:13','2021-01-18 11:25:12');
INSERT INTO "SOUL"."PERMISSION"("ID","OBJECT_ID","RESOURCE_ID","DATE_CREATED","DATE_UPDATED") VALUES('1351007708694323200','1346358560427216896','1347032453707214848','2021-01-18 11:25:13','2021-01-18 11:25:12');
INSERT INTO "SOUL"."PERMISSION"("ID","OBJECT_ID","RESOURCE_ID","DATE_CREATED","DATE_UPDATED") VALUES('1351007708698517504','1346358560427216896','1347032509051056128','2021-01-18 11:25:13','2021-01-18 11:25:12');
INSERT INTO "SOUL"."PERMISSION"("ID","OBJECT_ID","RESOURCE_ID","DATE_CREATED","DATE_UPDATED") VALUES('1351007708702711808','1346358560427216896','1347034027070337024','2021-01-18 11:25:13','2021-01-18 11:25:12');
INSERT INTO "SOUL"."PERMISSION"("ID","OBJECT_ID","RESOURCE_ID","DATE_CREATED","DATE_UPDATED") VALUES('1351007708706906112','1346358560427216896','1347039054925148160','2021-01-18 11:25:13','2021-01-18 11:25:12');
INSERT INTO "SOUL"."PERMISSION"("ID","OBJECT_ID","RESOURCE_ID","DATE_CREATED","DATE_UPDATED") VALUES('1351007708711100416','1346358560427216896','1347041326749691904','2021-01-18 11:25:13','2021-01-18 11:25:12');
INSERT INTO "SOUL"."PERMISSION"("ID","OBJECT_ID","RESOURCE_ID","DATE_CREATED","DATE_UPDATED") VALUES('1351007708715294720','1346358560427216896','1347046566244003840','2021-01-18 11:25:13','2021-01-18 11:25:12');
INSERT INTO "SOUL"."PERMISSION"("ID","OBJECT_ID","RESOURCE_ID","DATE_CREATED","DATE_UPDATED") VALUES('1351007708719489024','1346358560427216896','1347047143350874112','2021-01-18 11:25:13','2021-01-18 11:25:12');
INSERT INTO "SOUL"."PERMISSION"("ID","OBJECT_ID","RESOURCE_ID","DATE_CREATED","DATE_UPDATED") VALUES('1351007708723683328','1346358560427216896','1347047203220369408','2021-01-18 11:25:13','2021-01-18 11:25:12');
INSERT INTO "SOUL"."PERMISSION"("ID","OBJECT_ID","RESOURCE_ID","DATE_CREATED","DATE_UPDATED") VALUES('1351007708727877632','1346358560427216896','1347047555588042752','2021-01-18 11:25:13','2021-01-18 11:25:12');
INSERT INTO "SOUL"."PERMISSION"("ID","OBJECT_ID","RESOURCE_ID","DATE_CREATED","DATE_UPDATED") VALUES('1351007708732071936','1346358560427216896','1347047640145211392','2021-01-18 11:25:13','2021-01-18 11:25:12');
INSERT INTO "SOUL"."PERMISSION"("ID","OBJECT_ID","RESOURCE_ID","DATE_CREATED","DATE_UPDATED") VALUES('1351007708732071937','1346358560427216896','1347047695002513408','2021-01-18 11:25:13','2021-01-18 11:25:12');
INSERT INTO "SOUL"."PERMISSION"("ID","OBJECT_ID","RESOURCE_ID","DATE_CREATED","DATE_UPDATED") VALUES('1351007708736266240','1346358560427216896','1347047747305484288','2021-01-18 11:25:13','2021-01-18 11:25:12');
INSERT INTO "SOUL"."PERMISSION"("ID","OBJECT_ID","RESOURCE_ID","DATE_CREATED","DATE_UPDATED") VALUES('1351007708740460544','1346358560427216896','1347048004105940992','2021-01-18 11:25:13','2021-01-18 11:25:12');
INSERT INTO "SOUL"."PERMISSION"("ID","OBJECT_ID","RESOURCE_ID","DATE_CREATED","DATE_UPDATED") VALUES('1351007708744654848','1346358560427216896','1347048101875167232','2021-01-18 11:25:13','2021-01-18 11:25:12');
INSERT INTO "SOUL"."PERMISSION"("ID","OBJECT_ID","RESOURCE_ID","DATE_CREATED","DATE_UPDATED") VALUES('1351007708744654849','1346358560427216896','1347048145877610496','2021-01-18 11:25:13','2021-01-18 11:25:12');
INSERT INTO "SOUL"."PERMISSION"("ID","OBJECT_ID","RESOURCE_ID","DATE_CREATED","DATE_UPDATED") VALUES('1351007708748849152','1346358560427216896','1347048240677269504','2021-01-18 11:25:13','2021-01-18 11:25:12');
INSERT INTO "SOUL"."PERMISSION"("ID","OBJECT_ID","RESOURCE_ID","DATE_CREATED","DATE_UPDATED") VALUES('1351007708753043456','1346358560427216896','1347048316216684544','2021-01-18 11:25:13','2021-01-18 11:25:12');
INSERT INTO "SOUL"."PERMISSION"("ID","OBJECT_ID","RESOURCE_ID","DATE_CREATED","DATE_UPDATED") VALUES('1351007708757237760','1346358560427216896','1347048776029843456','2021-01-18 11:25:13','2021-01-18 11:25:12');
INSERT INTO "SOUL"."PERMISSION"("ID","OBJECT_ID","RESOURCE_ID","DATE_CREATED","DATE_UPDATED") VALUES('1351007708757237761','1346358560427216896','1347048968414179328','2021-01-18 11:25:13','2021-01-18 11:25:12');
INSERT INTO "SOUL"."PERMISSION"("ID","OBJECT_ID","RESOURCE_ID","DATE_CREATED","DATE_UPDATED") VALUES('1351007708761432064','1346358560427216896','1347049029323862016','2021-01-18 11:25:13','2021-01-18 11:25:12');
INSERT INTO "SOUL"."PERMISSION"("ID","OBJECT_ID","RESOURCE_ID","DATE_CREATED","DATE_UPDATED") VALUES('1351007708765626368','1346358560427216896','1347049092552994816','2021-01-18 11:25:13','2021-01-18 11:25:12');
INSERT INTO "SOUL"."PERMISSION"("ID","OBJECT_ID","RESOURCE_ID","DATE_CREATED","DATE_UPDATED") VALUES('1351007708769820672','1346358560427216896','1347049251395481600','2021-01-18 11:25:13','2021-01-18 11:25:12');
INSERT INTO "SOUL"."PERMISSION"("ID","OBJECT_ID","RESOURCE_ID","DATE_CREATED","DATE_UPDATED") VALUES('1351007708774014976','1346358560427216896','1347049317178945536','2021-01-18 11:25:13','2021-01-18 11:25:12');
INSERT INTO "SOUL"."PERMISSION"("ID","OBJECT_ID","RESOURCE_ID","DATE_CREATED","DATE_UPDATED") VALUES('1351007708774014977','1346358560427216896','1347049370014593024','2021-01-18 11:25:13','2021-01-18 11:25:12');
INSERT INTO "SOUL"."PERMISSION"("ID","OBJECT_ID","RESOURCE_ID","DATE_CREATED","DATE_UPDATED") VALUES('1351007708778209280','1346358560427216896','1347049542417264640','2021-01-18 11:25:13','2021-01-18 11:25:12');
INSERT INTO "SOUL"."PERMISSION"("ID","OBJECT_ID","RESOURCE_ID","DATE_CREATED","DATE_UPDATED") VALUES('1351007708782403584','1346358560427216896','1347049598155370496','2021-01-18 11:25:13','2021-01-18 11:25:12');
INSERT INTO "SOUL"."PERMISSION"("ID","OBJECT_ID","RESOURCE_ID","DATE_CREATED","DATE_UPDATED") VALUES('1351007708786597888','1346358560427216896','1347049659023110144','2021-01-18 11:25:13','2021-01-18 11:25:12');
INSERT INTO "SOUL"."PERMISSION"("ID","OBJECT_ID","RESOURCE_ID","DATE_CREATED","DATE_UPDATED") VALUES('1351007708790792192','1346358560427216896','1347049731047698432','2021-01-18 11:25:13','2021-01-18 11:25:12');
INSERT INTO "SOUL"."PERMISSION"("ID","OBJECT_ID","RESOURCE_ID","DATE_CREATED","DATE_UPDATED") VALUES('1351007708794986496','1346358560427216896','1347049794008395776','2021-01-18 11:25:13','2021-01-18 11:25:12');
INSERT INTO "SOUL"."PERMISSION"("ID","OBJECT_ID","RESOURCE_ID","DATE_CREATED","DATE_UPDATED") VALUES('1351007708799180800','1346358560427216896','1347050493052071936','2021-01-18 11:25:13','2021-01-18 11:25:12');
INSERT INTO "SOUL"."PERMISSION"("ID","OBJECT_ID","RESOURCE_ID","DATE_CREATED","DATE_UPDATED") VALUES('1351007708799180801','1346358560427216896','1347050998931271680','2021-01-18 11:25:13','2021-01-18 11:25:12');
INSERT INTO "SOUL"."PERMISSION"("ID","OBJECT_ID","RESOURCE_ID","DATE_CREATED","DATE_UPDATED") VALUES('1351007708803375104','1346358560427216896','1347051241320099840','2021-01-18 11:25:13','2021-01-18 11:25:12');
INSERT INTO "SOUL"."PERMISSION"("ID","OBJECT_ID","RESOURCE_ID","DATE_CREATED","DATE_UPDATED") VALUES('1351007708807569408','1346358560427216896','1347051306788990976','2021-01-18 11:25:13','2021-01-18 11:25:12');
INSERT INTO "SOUL"."PERMISSION"("ID","OBJECT_ID","RESOURCE_ID","DATE_CREATED","DATE_UPDATED") VALUES('1351007708807569409','1346358560427216896','1347051641725136896','2021-01-18 11:25:13','2021-01-18 11:25:12');
INSERT INTO "SOUL"."PERMISSION"("ID","OBJECT_ID","RESOURCE_ID","DATE_CREATED","DATE_UPDATED") VALUES('1351007708811763712','1346358560427216896','1347051850521784320','2021-01-18 11:25:13','2021-01-18 11:25:12');
INSERT INTO "SOUL"."PERMISSION"("ID","OBJECT_ID","RESOURCE_ID","DATE_CREATED","DATE_UPDATED") VALUES('1351007708815958016','1346358560427216896','1347051853025783808','2021-01-18 11:25:13','2021-01-18 11:25:12');
INSERT INTO "SOUL"."PERMISSION"("ID","OBJECT_ID","RESOURCE_ID","DATE_CREATED","DATE_UPDATED") VALUES('1351007708815958017','1346358560427216896','1347051855538171904','2021-01-18 11:25:13','2021-01-18 11:25:12');
INSERT INTO "SOUL"."PERMISSION"("ID","OBJECT_ID","RESOURCE_ID","DATE_CREATED","DATE_UPDATED") VALUES('1351007708820152320','1346358560427216896','1347051857962479616','2021-01-18 11:25:13','2021-01-18 11:25:12');
INSERT INTO "SOUL"."PERMISSION"("ID","OBJECT_ID","RESOURCE_ID","DATE_CREATED","DATE_UPDATED") VALUES('1351007708824346624','1346358560427216896','1347051860495839232','2021-01-18 11:25:13','2021-01-18 11:25:12');
INSERT INTO "SOUL"."PERMISSION"("ID","OBJECT_ID","RESOURCE_ID","DATE_CREATED","DATE_UPDATED") VALUES('1351007708828540928','1346358560427216896','1347052833968631808','2021-01-18 11:25:13','2021-01-18 11:25:12');
INSERT INTO "SOUL"."PERMISSION"("ID","OBJECT_ID","RESOURCE_ID","DATE_CREATED","DATE_UPDATED") VALUES('1351007708828540929','1346358560427216896','1347052836300664832','2021-01-18 11:25:13','2021-01-18 11:25:12');
INSERT INTO "SOUL"."PERMISSION"("ID","OBJECT_ID","RESOURCE_ID","DATE_CREATED","DATE_UPDATED") VALUES('1351007708832735232','1346358560427216896','1347052839198928896','2021-01-18 11:25:13','2021-01-18 11:25:12');
INSERT INTO "SOUL"."PERMISSION"("ID","OBJECT_ID","RESOURCE_ID","DATE_CREATED","DATE_UPDATED") VALUES('1351007708836929536','1346358560427216896','1347052841824563200','2021-01-18 11:25:13','2021-01-18 11:25:12');
INSERT INTO "SOUL"."PERMISSION"("ID","OBJECT_ID","RESOURCE_ID","DATE_CREATED","DATE_UPDATED") VALUES('1351007708836929537','1346358560427216896','1347052843993018368','2021-01-18 11:25:13','2021-01-18 11:25:12');
INSERT INTO "SOUL"."PERMISSION"("ID","OBJECT_ID","RESOURCE_ID","DATE_CREATED","DATE_UPDATED") VALUES('1351007708841123840','1346358560427216896','1347053324018528256','2021-01-18 11:25:13','2021-01-18 11:25:12');
INSERT INTO "SOUL"."PERMISSION"("ID","OBJECT_ID","RESOURCE_ID","DATE_CREATED","DATE_UPDATED") VALUES('1351007708845318144','1346358560427216896','1347053326988095488','2021-01-18 11:25:13','2021-01-18 11:25:12');
INSERT INTO "SOUL"."PERMISSION"("ID","OBJECT_ID","RESOURCE_ID","DATE_CREATED","DATE_UPDATED") VALUES('1351007708849512448','1346358560427216896','1347053329378848768','2021-01-18 11:25:13','2021-01-18 11:25:12');
INSERT INTO "SOUL"."PERMISSION"("ID","OBJECT_ID","RESOURCE_ID","DATE_CREATED","DATE_UPDATED") VALUES('1351007708853706752','1346358560427216896','1347053331744436224','2021-01-18 11:25:13','2021-01-18 11:25:12');
INSERT INTO "SOUL"."PERMISSION"("ID","OBJECT_ID","RESOURCE_ID","DATE_CREATED","DATE_UPDATED") VALUES('1351007708857901056','1346358560427216896','1347053334470733824','2021-01-18 11:25:13','2021-01-18 11:25:12');
INSERT INTO "SOUL"."PERMISSION"("ID","OBJECT_ID","RESOURCE_ID","DATE_CREATED","DATE_UPDATED") VALUES('1351007708857901057','1346358560427216896','1347053363814084608','2021-01-18 11:25:13','2021-01-18 11:25:12');
INSERT INTO "SOUL"."PERMISSION"("ID","OBJECT_ID","RESOURCE_ID","DATE_CREATED","DATE_UPDATED") VALUES('1351007708862095360','1346358560427216896','1347053366552965120','2021-01-18 11:25:13','2021-01-18 11:25:12');
INSERT INTO "SOUL"."PERMISSION"("ID","OBJECT_ID","RESOURCE_ID","DATE_CREATED","DATE_UPDATED") VALUES('1351007708866289664','1346358560427216896','1347053369413480448','2021-01-18 11:25:13','2021-01-18 11:25:12');
INSERT INTO "SOUL"."PERMISSION"("ID","OBJECT_ID","RESOURCE_ID","DATE_CREATED","DATE_UPDATED") VALUES('1351007708866289665','1346358560427216896','1347053372164943872','2021-01-18 11:25:13','2021-01-18 11:25:12');
INSERT INTO "SOUL"."PERMISSION"("ID","OBJECT_ID","RESOURCE_ID","DATE_CREATED","DATE_UPDATED") VALUES('1351007708870483968','1346358560427216896','1347053375029653504','2021-01-18 11:25:13','2021-01-18 11:25:12');
INSERT INTO "SOUL"."PERMISSION"("ID","OBJECT_ID","RESOURCE_ID","DATE_CREATED","DATE_UPDATED") VALUES('1351007708874678272','1346358560427216896','1347053404050042880','2021-01-18 11:25:13','2021-01-18 11:25:12');
INSERT INTO "SOUL"."PERMISSION"("ID","OBJECT_ID","RESOURCE_ID","DATE_CREATED","DATE_UPDATED") VALUES('1351007708874678273','1346358560427216896','1347053406939918336','2021-01-18 11:25:13','2021-01-18 11:25:12');
INSERT INTO "SOUL"."PERMISSION"("ID","OBJECT_ID","RESOURCE_ID","DATE_CREATED","DATE_UPDATED") VALUES('1351007708878872576','1346358560427216896','1347053409842376704','2021-01-18 11:25:13','2021-01-18 11:25:12');
INSERT INTO "SOUL"."PERMISSION"("ID","OBJECT_ID","RESOURCE_ID","DATE_CREATED","DATE_UPDATED") VALUES('1351007708878872577','1346358560427216896','1347053413067796480','2021-01-18 11:25:13','2021-01-18 11:25:12');
INSERT INTO "SOUL"."PERMISSION"("ID","OBJECT_ID","RESOURCE_ID","DATE_CREATED","DATE_UPDATED") VALUES('1351007708883066880','1346358560427216896','1347053415945089024','2021-01-18 11:25:13','2021-01-18 11:25:12');
INSERT INTO "SOUL"."PERMISSION"("ID","OBJECT_ID","RESOURCE_ID","DATE_CREATED","DATE_UPDATED") VALUES('1351007708887261184','1346358560427216896','1347053442419535872','2021-01-18 11:25:13','2021-01-18 11:25:12');
INSERT INTO "SOUL"."PERMISSION"("ID","OBJECT_ID","RESOURCE_ID","DATE_CREATED","DATE_UPDATED") VALUES('1351007708891455488','1346358560427216896','1347053445191970816','2021-01-18 11:25:13','2021-01-18 11:25:12');
INSERT INTO "SOUL"."PERMISSION"("ID","OBJECT_ID","RESOURCE_ID","DATE_CREATED","DATE_UPDATED") VALUES('1351007708891455489','1346358560427216896','1347053447695970304','2021-01-18 11:25:13','2021-01-18 11:25:12');
INSERT INTO "SOUL"."PERMISSION"("ID","OBJECT_ID","RESOURCE_ID","DATE_CREATED","DATE_UPDATED") VALUES('1351007708895649792','1346358560427216896','1347053450304827392','2021-01-18 11:25:13','2021-01-18 11:25:12');
INSERT INTO "SOUL"."PERMISSION"("ID","OBJECT_ID","RESOURCE_ID","DATE_CREATED","DATE_UPDATED") VALUES('1351007708895649793','1346358560427216896','1347053452737523712','2021-01-18 11:25:13','2021-01-18 11:25:12');
INSERT INTO "SOUL"."PERMISSION"("ID","OBJECT_ID","RESOURCE_ID","DATE_CREATED","DATE_UPDATED") VALUES('1351007708899844096','1346358560427216896','1347053477844627456','2021-01-18 11:25:13','2021-01-18 11:25:12');
INSERT INTO "SOUL"."PERMISSION"("ID","OBJECT_ID","RESOURCE_ID","DATE_CREATED","DATE_UPDATED") VALUES('1351007708904038400','1346358560427216896','1347053480977772544','2021-01-18 11:25:13','2021-01-18 11:25:12');
INSERT INTO "SOUL"."PERMISSION"("ID","OBJECT_ID","RESOURCE_ID","DATE_CREATED","DATE_UPDATED") VALUES('1351007708904038401','1346358560427216896','1347053483712458752','2021-01-18 11:25:13','2021-01-18 11:25:12');
INSERT INTO "SOUL"."PERMISSION"("ID","OBJECT_ID","RESOURCE_ID","DATE_CREATED","DATE_UPDATED") VALUES('1351007708908232704','1346358560427216896','1347053486426173440','2021-01-18 11:25:13','2021-01-18 11:25:12');
INSERT INTO "SOUL"."PERMISSION"("ID","OBJECT_ID","RESOURCE_ID","DATE_CREATED","DATE_UPDATED") VALUES('1351007708912427008','1346358560427216896','1347053489571901440','2021-01-18 11:25:13','2021-01-18 11:25:12');
INSERT INTO "SOUL"."PERMISSION"("ID","OBJECT_ID","RESOURCE_ID","DATE_CREATED","DATE_UPDATED") VALUES('1351007708916621312','1346358560427216896','1347053516423835648','2021-01-18 11:25:13','2021-01-18 11:25:12');
INSERT INTO "SOUL"."PERMISSION"("ID","OBJECT_ID","RESOURCE_ID","DATE_CREATED","DATE_UPDATED") VALUES('1351007708920815616','1346358560427216896','1347053519401791488','2021-01-18 11:25:13','2021-01-18 11:25:12');
INSERT INTO "SOUL"."PERMISSION"("ID","OBJECT_ID","RESOURCE_ID","DATE_CREATED","DATE_UPDATED") VALUES('1351007708920815617','1346358560427216896','1347053522182615040','2021-01-18 11:25:13','2021-01-18 11:25:12');
INSERT INTO "SOUL"."PERMISSION"("ID","OBJECT_ID","RESOURCE_ID","DATE_CREATED","DATE_UPDATED") VALUES('1351007708925009920','1346358560427216896','1347053525034741760','2021-01-18 11:25:13','2021-01-18 11:25:12');
INSERT INTO "SOUL"."PERMISSION"("ID","OBJECT_ID","RESOURCE_ID","DATE_CREATED","DATE_UPDATED") VALUES('1351007708929204224','1346358560427216896','1347053527819759616','2021-01-18 11:25:13','2021-01-18 11:25:12');
INSERT INTO "SOUL"."PERMISSION"("ID","OBJECT_ID","RESOURCE_ID","DATE_CREATED","DATE_UPDATED") VALUES('1351007708933398528','1346358560427216896','1347053554310983680','2021-01-18 11:25:13','2021-01-18 11:25:12');
INSERT INTO "SOUL"."PERMISSION"("ID","OBJECT_ID","RESOURCE_ID","DATE_CREATED","DATE_UPDATED") VALUES('1351007708933398529','1346358560427216896','1347053556512993280','2021-01-18 11:25:13','2021-01-18 11:25:12');
INSERT INTO "SOUL"."PERMISSION"("ID","OBJECT_ID","RESOURCE_ID","DATE_CREATED","DATE_UPDATED") VALUES('1351007708937592832','1346358560427216896','1347053559050547200','2021-01-18 11:25:13','2021-01-18 11:25:12');
INSERT INTO "SOUL"."PERMISSION"("ID","OBJECT_ID","RESOURCE_ID","DATE_CREATED","DATE_UPDATED") VALUES('1351007708937592833','1346358560427216896','1347053561579712512','2021-01-18 11:25:13','2021-01-18 11:25:12');
INSERT INTO "SOUL"."PERMISSION"("ID","OBJECT_ID","RESOURCE_ID","DATE_CREATED","DATE_UPDATED") VALUES('1351007708941787136','1346358560427216896','1347053564016603136','2021-01-18 11:25:13','2021-01-18 11:25:12');
INSERT INTO "SOUL"."PERMISSION"("ID","OBJECT_ID","RESOURCE_ID","DATE_CREATED","DATE_UPDATED") VALUES('1351007708941787137','1346358560427216896','1347053595729735680','2021-01-18 11:25:13','2021-01-18 11:25:12');
INSERT INTO "SOUL"."PERMISSION"("ID","OBJECT_ID","RESOURCE_ID","DATE_CREATED","DATE_UPDATED") VALUES('1351007708945981440','1346358560427216896','1347053598829326336','2021-01-18 11:25:13','2021-01-18 11:25:12');
INSERT INTO "SOUL"."PERMISSION"("ID","OBJECT_ID","RESOURCE_ID","DATE_CREATED","DATE_UPDATED") VALUES('1351007708950175744','1346358560427216896','1347053601572401152','2021-01-18 11:25:13','2021-01-18 11:25:12');
INSERT INTO "SOUL"."PERMISSION"("ID","OBJECT_ID","RESOURCE_ID","DATE_CREATED","DATE_UPDATED") VALUES('1351007708954370048','1346358560427216896','1347053604093177856','2021-01-18 11:25:13','2021-01-18 11:25:12');
INSERT INTO "SOUL"."PERMISSION"("ID","OBJECT_ID","RESOURCE_ID","DATE_CREATED","DATE_UPDATED") VALUES('1351007708958564352','1346358560427216896','1347053606622343168','2021-01-18 11:25:13','2021-01-18 11:25:12');
INSERT INTO "SOUL"."PERMISSION"("ID","OBJECT_ID","RESOURCE_ID","DATE_CREATED","DATE_UPDATED") VALUES('1351007708962758656','1346358560427216896','1347053631159021568','2021-01-18 11:25:13','2021-01-18 11:25:12');
INSERT INTO "SOUL"."PERMISSION"("ID","OBJECT_ID","RESOURCE_ID","DATE_CREATED","DATE_UPDATED") VALUES('1351007708962758657','1346358560427216896','1347053633809821696','2021-01-18 11:25:13','2021-01-18 11:25:12');
INSERT INTO "SOUL"."PERMISSION"("ID","OBJECT_ID","RESOURCE_ID","DATE_CREATED","DATE_UPDATED") VALUES('1351007708966952960','1346358560427216896','1347053636439650304','2021-01-18 11:25:13','2021-01-18 11:25:12');
INSERT INTO "SOUL"."PERMISSION"("ID","OBJECT_ID","RESOURCE_ID","DATE_CREATED","DATE_UPDATED") VALUES('1351007708971147264','1346358560427216896','1347053638968815616','2021-01-18 11:25:13','2021-01-18 11:25:12');
INSERT INTO "SOUL"."PERMISSION"("ID","OBJECT_ID","RESOURCE_ID","DATE_CREATED","DATE_UPDATED") VALUES('1351007708971147265','1346358560427216896','1347053641346985984','2021-01-18 11:25:13','2021-01-18 11:25:12');
INSERT INTO "SOUL"."PERMISSION"("ID","OBJECT_ID","RESOURCE_ID","DATE_CREATED","DATE_UPDATED") VALUES('1351007708975341568','1346358560427216896','1347053666227597312','2021-01-18 11:25:13','2021-01-18 11:25:12');
INSERT INTO "SOUL"."PERMISSION"("ID","OBJECT_ID","RESOURCE_ID","DATE_CREATED","DATE_UPDATED") VALUES('1351007708979535872','1346358560427216896','1347053668538658816','2021-01-18 11:25:13','2021-01-18 11:25:12');
INSERT INTO "SOUL"."PERMISSION"("ID","OBJECT_ID","RESOURCE_ID","DATE_CREATED","DATE_UPDATED") VALUES('1351007708979535873','1346358560427216896','1347053670791000064','2021-01-18 11:25:13','2021-01-18 11:25:12');
INSERT INTO "SOUL"."PERMISSION"("ID","OBJECT_ID","RESOURCE_ID","DATE_CREATED","DATE_UPDATED") VALUES('1351007708983730176','1346358560427216896','1347053673043341312','2021-01-18 11:25:13','2021-01-18 11:25:12');
INSERT INTO "SOUL"."PERMISSION"("ID","OBJECT_ID","RESOURCE_ID","DATE_CREATED","DATE_UPDATED") VALUES('1351007708987924480','1346358560427216896','1347053675174047744','2021-01-18 11:25:13','2021-01-18 11:25:12');
INSERT INTO "SOUL"."PERMISSION"("ID","OBJECT_ID","RESOURCE_ID","DATE_CREATED","DATE_UPDATED") VALUES('1351007708992118784','1346358560427216896','1347063567603609600','2021-01-18 11:25:13','2021-01-18 11:25:12');
INSERT INTO "SOUL"."PERMISSION"("ID","OBJECT_ID","RESOURCE_ID","DATE_CREATED","DATE_UPDATED") VALUES('1351007708996313088','1346358560427216896','1347064011369361408','2021-01-18 11:25:13','2021-01-18 11:25:12');
INSERT INTO "SOUL"."PERMISSION"("ID","OBJECT_ID","RESOURCE_ID","DATE_CREATED","DATE_UPDATED") VALUES('1351007709000507392','1346358560427216896','1347064013848195072','2021-01-18 11:25:13','2021-01-18 11:25:12');
INSERT INTO "SOUL"."PERMISSION"("ID","OBJECT_ID","RESOURCE_ID","DATE_CREATED","DATE_UPDATED") VALUES('1351007709000507393','1346358560427216896','1347064016373166080','2021-01-18 11:25:13','2021-01-18 11:25:12');
INSERT INTO "SOUL"."PERMISSION"("ID","OBJECT_ID","RESOURCE_ID","DATE_CREATED","DATE_UPDATED") VALUES('1351007709004701696','1346358560427216896','1347064019007188992','2021-01-18 11:25:13','2021-01-18 11:25:12');
INSERT INTO "SOUL"."PERMISSION"("ID","OBJECT_ID","RESOURCE_ID","DATE_CREATED","DATE_UPDATED") VALUES('1351007709008896000','1346358560427216896','1347064021486022656','2021-01-18 11:25:13','2021-01-18 11:25:12');
INSERT INTO "SOUL"."PERMISSION"("ID","OBJECT_ID","RESOURCE_ID","DATE_CREATED","DATE_UPDATED") VALUES('1351007709008896001','1346358560427216896','1350096617689751552','2021-01-18 11:25:13','2021-01-18 11:25:12');
INSERT INTO "SOUL"."PERMISSION"("ID","OBJECT_ID","RESOURCE_ID","DATE_CREATED","DATE_UPDATED") VALUES('1351007709013090304','1346358560427216896','1350096630197166080','2021-01-18 11:25:13','2021-01-18 11:25:12');
INSERT INTO "SOUL"."PERMISSION"("ID","OBJECT_ID","RESOURCE_ID","DATE_CREATED","DATE_UPDATED") VALUES('1351007709013090305','1346358560427216896','1350098233939632128','2021-01-18 11:25:13','2021-01-18 11:25:12');
INSERT INTO "SOUL"."PERMISSION"("ID","OBJECT_ID","RESOURCE_ID","DATE_CREATED","DATE_UPDATED") VALUES('1351007709017284608','1346358560427216896','1350098236741427200','2021-01-18 11:25:13','2021-01-18 11:25:12');
INSERT INTO "SOUL"."PERMISSION"("ID","OBJECT_ID","RESOURCE_ID","DATE_CREATED","DATE_UPDATED") VALUES('1351007709021478912','1346358560427216896','1350099831950163968','2021-01-18 11:25:13','2021-01-18 11:25:12');
INSERT INTO "SOUL"."PERMISSION"("ID","OBJECT_ID","RESOURCE_ID","DATE_CREATED","DATE_UPDATED") VALUES('1351007709021478913','1346358560427216896','1350099836492595200','2021-01-18 11:25:13','2021-01-18 11:25:12');
INSERT INTO "SOUL"."PERMISSION"("ID","OBJECT_ID","RESOURCE_ID","DATE_CREATED","DATE_UPDATED") VALUES('1351007709025673216','1346358560427216896','1350099893203779584','2021-01-18 11:25:13','2021-01-18 11:25:12');
INSERT INTO "SOUL"."PERMISSION"("ID","OBJECT_ID","RESOURCE_ID","DATE_CREATED","DATE_UPDATED") VALUES('1351007709029867520','1346358560427216896','1350099896441782272','2021-01-18 11:25:13','2021-01-18 11:25:12');
INSERT INTO "SOUL"."PERMISSION"("ID","OBJECT_ID","RESOURCE_ID","DATE_CREATED","DATE_UPDATED") VALUES('1351007709029867521','1346358560427216896','1350099936379944960','2021-01-18 11:25:13','2021-01-18 11:25:13');
INSERT INTO "SOUL"."PERMISSION"("ID","OBJECT_ID","RESOURCE_ID","DATE_CREATED","DATE_UPDATED") VALUES('1351007709034061824','1346358560427216896','1350099939177545728','2021-01-18 11:25:13','2021-01-18 11:25:13');
INSERT INTO "SOUL"."PERMISSION"("ID","OBJECT_ID","RESOURCE_ID","DATE_CREATED","DATE_UPDATED") VALUES('1351007709034061825','1346358560427216896','1350099976435548160','2021-01-18 11:25:13','2021-01-18 11:25:13');
INSERT INTO "SOUL"."PERMISSION"("ID","OBJECT_ID","RESOURCE_ID","DATE_CREATED","DATE_UPDATED") VALUES('1351007709038256128','1346358560427216896','1350099979434475520','2021-01-18 11:25:13','2021-01-18 11:25:13');
INSERT INTO "SOUL"."PERMISSION"("ID","OBJECT_ID","RESOURCE_ID","DATE_CREATED","DATE_UPDATED") VALUES('1351007709038256129','1346358560427216896','1350100013341229056','2021-01-18 11:25:13','2021-01-18 11:25:13');
INSERT INTO "SOUL"."PERMISSION"("ID","OBJECT_ID","RESOURCE_ID","DATE_CREATED","DATE_UPDATED") VALUES('1351007709042450432','1346358560427216896','1350100016319184896','2021-01-18 11:25:13','2021-01-18 11:25:13');
INSERT INTO "SOUL"."PERMISSION"("ID","OBJECT_ID","RESOURCE_ID","DATE_CREATED","DATE_UPDATED") VALUES('1351007709042450433','1346358560427216896','1350100053757542400','2021-01-18 11:25:13','2021-01-18 11:25:13');
INSERT INTO "SOUL"."PERMISSION"("ID","OBJECT_ID","RESOURCE_ID","DATE_CREATED","DATE_UPDATED") VALUES('1351007709046644736','1346358560427216896','1350100056525783040','2021-01-18 11:25:13','2021-01-18 11:25:13');
INSERT INTO "SOUL"."PERMISSION"("ID","OBJECT_ID","RESOURCE_ID","DATE_CREATED","DATE_UPDATED") VALUES('1351007709050839040','1346358560427216896','1350100110510669824','2021-01-18 11:25:13','2021-01-18 11:25:13');
INSERT INTO "SOUL"."PERMISSION"("ID","OBJECT_ID","RESOURCE_ID","DATE_CREATED","DATE_UPDATED") VALUES('1351007709050839041','1346358560427216896','1350100113283104768','2021-01-18 11:25:13','2021-01-18 11:25:13');
INSERT INTO "SOUL"."PERMISSION"("ID","OBJECT_ID","RESOURCE_ID","DATE_CREATED","DATE_UPDATED") VALUES('1351007709055033344','1346358560427216896','1350100147437322240','2021-01-18 11:25:13','2021-01-18 11:25:13');
INSERT INTO "SOUL"."PERMISSION"("ID","OBJECT_ID","RESOURCE_ID","DATE_CREATED","DATE_UPDATED") VALUES('1351007709059227648','1346358560427216896','1350100150096510976','2021-01-18 11:25:13','2021-01-18 11:25:13');
INSERT INTO "SOUL"."PERMISSION"("ID","OBJECT_ID","RESOURCE_ID","DATE_CREATED","DATE_UPDATED") VALUES('1351007709059227649','1346358560427216896','1350100190894505984','2021-01-18 11:25:13','2021-01-18 11:25:13');
INSERT INTO "SOUL"."PERMISSION"("ID","OBJECT_ID","RESOURCE_ID","DATE_CREATED","DATE_UPDATED") VALUES('1351007709063421952','1346358560427216896','1350100193801158656','2021-01-18 11:25:13','2021-01-18 11:25:13');
INSERT INTO "SOUL"."PERMISSION"("ID","OBJECT_ID","RESOURCE_ID","DATE_CREATED","DATE_UPDATED") VALUES('1351007709067616256','1346358560427216896','1350100229360467968','2021-01-18 11:25:13','2021-01-18 11:25:13');
INSERT INTO "SOUL"."PERMISSION"("ID","OBJECT_ID","RESOURCE_ID","DATE_CREATED","DATE_UPDATED") VALUES('1351007709067616257','1346358560427216896','1350100232451670016','2021-01-18 11:25:13','2021-01-18 11:25:13');
INSERT INTO "SOUL"."PERMISSION"("ID","OBJECT_ID","RESOURCE_ID","DATE_CREATED","DATE_UPDATED") VALUES('1351007709071810560','1346358560427216896','1350100269307019264','2021-01-18 11:25:13','2021-01-18 11:25:13');
INSERT INTO "SOUL"."PERMISSION"("ID","OBJECT_ID","RESOURCE_ID","DATE_CREATED","DATE_UPDATED") VALUES('1351007709071810561','1346358560427216896','1350100272083648512','2021-01-18 11:25:13','2021-01-18 11:25:13');
INSERT INTO "SOUL"."PERMISSION"("ID","OBJECT_ID","RESOURCE_ID","DATE_CREATED","DATE_UPDATED") VALUES('1351007709076004864','1346358560427216896','1350100334205485056','2021-01-18 11:25:13','2021-01-18 11:25:13');
INSERT INTO "SOUL"."PERMISSION"("ID","OBJECT_ID","RESOURCE_ID","DATE_CREATED","DATE_UPDATED") VALUES('1351007709076004865','1346358560427216896','1350100337363795968','2021-01-18 11:25:13','2021-01-18 11:25:13');
INSERT INTO "SOUL"."PERMISSION"("ID","OBJECT_ID","RESOURCE_ID","DATE_CREATED","DATE_UPDATED") VALUES('1351007709080199168','1346358560427216896','1350106119681622016','2021-01-18 11:25:13','2021-01-18 11:25:13');
INSERT INTO "SOUL"."PERMISSION"("ID","OBJECT_ID","RESOURCE_ID","DATE_CREATED","DATE_UPDATED") VALUES('1351007709080199169','1346358560427216896','1350107709494804480','2021-01-18 11:25:13','2021-01-18 11:25:13');
INSERT INTO "SOUL"."PERMISSION"("ID","OBJECT_ID","RESOURCE_ID","DATE_CREATED","DATE_UPDATED") VALUES('1351007709084393472','1346358560427216896','1350107842236137472','2021-01-18 11:25:13','2021-01-18 11:25:13');
INSERT INTO "SOUL"."PERMISSION"("ID","OBJECT_ID","RESOURCE_ID","DATE_CREATED","DATE_UPDATED") VALUES('1351007709084393473','1346358560427216896','1350112406754766848','2021-01-18 11:25:13','2021-01-18 11:25:13');
INSERT INTO "SOUL"."PERMISSION"("ID","OBJECT_ID","RESOURCE_ID","DATE_CREATED","DATE_UPDATED") VALUES('1351007709088587776','1346358560427216896','1350112481253994496','2021-01-18 11:25:13','2021-01-18 11:25:13');
INSERT INTO "SOUL"."PERMISSION"("ID","OBJECT_ID","RESOURCE_ID","DATE_CREATED","DATE_UPDATED") VALUES('1351007709088587777','1346358560427216896','1350804501819195392','2021-01-18 11:25:13','2021-01-18 11:25:13');
INSERT INTO "SOUL"."PERMISSION"("ID","OBJECT_ID","RESOURCE_ID","DATE_CREATED","DATE_UPDATED") VALUES('1355167519859040256','1346358560427216896','1355163372527050752','2021-01-29 22:54:49','2021-01-29 22:58:41');
INSERT INTO "SOUL"."PERMISSION"("ID","OBJECT_ID","RESOURCE_ID","DATE_CREATED","DATE_UPDATED") VALUES('1355167519859040257','1346358560427216896','1355165158419750912','2021-01-29 22:54:49','2021-01-29 22:58:41');
INSERT INTO "SOUL"."PERMISSION"("ID","OBJECT_ID","RESOURCE_ID","DATE_CREATED","DATE_UPDATED") VALUES('1355167519859040258','1346358560427216896','1355165353534578688','2021-01-29 22:54:49','2021-01-29 22:58:42');
INSERT INTO "SOUL"."PERMISSION"("ID","OBJECT_ID","RESOURCE_ID","DATE_CREATED","DATE_UPDATED") VALUES('1355167519859040259','1346358560427216896','1355165475785957376','2021-01-29 22:54:49','2021-01-29 22:58:43');
INSERT INTO "SOUL"."PERMISSION"("ID","OBJECT_ID","RESOURCE_ID","DATE_CREATED","DATE_UPDATED") VALUES('1355167519859040260','1346358560427216896','1355165608565039104','2021-01-29 22:54:49','2021-01-29 22:58:43');
INSERT INTO "SOUL"."PERMISSION"("ID","OBJECT_ID","RESOURCE_ID","DATE_CREATED","DATE_UPDATED") VALUES('1357956838021890049','1346358560427216896','1357956838021890048','2021-02-06 15:38:34','2021-02-06 15:38:34');
INSERT INTO "SOUL"."PERMISSION"("ID","OBJECT_ID","RESOURCE_ID","DATE_CREATED","DATE_UPDATED") VALUES('1357977745893326848','1346358560427216896','1357977745889132544','2021-02-06 17:01:39','2021-02-06 17:01:39');
INSERT INTO "SOUL"."PERMISSION"("ID","OBJECT_ID","RESOURCE_ID","DATE_CREATED","DATE_UPDATED") VALUES('1357977912126177281','1346358560427216896','1357977912126177280','2021-02-06 17:02:19','2021-02-06 17:02:19');
INSERT INTO "SOUL"."PERMISSION"("ID","OBJECT_ID","RESOURCE_ID","DATE_CREATED","DATE_UPDATED") VALUES('1357977971827900417','1346358560427216896','1357977971827900416','2021-02-06 17:02:33','2021-02-06 17:02:33');
INSERT INTO "SOUL"."PERMISSION"("ID","OBJECT_ID","RESOURCE_ID","DATE_CREATED","DATE_UPDATED") VALUES('1357977971827900418','1346358560427216896','1350100337363795969','2021-02-06 17:02:33','2021-02-06 17:02:33');
INSERT INTO "SOUL"."PERMISSION"("ID","OBJECT_ID","RESOURCE_ID","DATE_CREATED","DATE_UPDATED") VALUES('1357977971827900419','1346358560427216896','1350100337363795970','2021-02-06 17:02:33','2021-02-06 17:02:33');
INSERT INTO "SOUL"."PERMISSION"("ID","OBJECT_ID","RESOURCE_ID","DATE_CREATED","DATE_UPDATED") VALUES('1357977971827900420','1346358560427216896','1350100337363795971','2021-02-06 17:02:33','2021-02-06 17:02:33');
INSERT INTO "SOUL"."PERMISSION"("ID","OBJECT_ID","RESOURCE_ID","DATE_CREATED","DATE_UPDATED") VALUES('1357977971827900421','1346358560427216896','1350100337363795972','2021-02-06 17:02:33','2021-02-06 17:02:33');
INSERT INTO "SOUL"."PERMISSION"("ID","OBJECT_ID","RESOURCE_ID","DATE_CREATED","DATE_UPDATED") VALUES('1357977971827900422','1346358560427216896','1350100337363795973','2021-02-06 17:02:33','2021-02-06 17:02:33');
INSERT INTO "SOUL"."PERMISSION"("ID","OBJECT_ID","RESOURCE_ID","DATE_CREATED","DATE_UPDATED") VALUES('1357977971827900423','1346358560427216896','1350100337363795974','2021-02-06 17:02:33','2021-02-06 17:02:33');
INSERT INTO "SOUL"."PERMISSION"("ID","OBJECT_ID","RESOURCE_ID","DATE_CREATED","DATE_UPDATED") VALUES('1357977971827900424','1346358560427216896','1350100337363795975','2021-02-06 17:02:33','2021-02-06 17:02:33');
INSERT INTO "SOUL"."PERMISSION"("ID","OBJECT_ID","RESOURCE_ID","DATE_CREATED","DATE_UPDATED") VALUES('1357977971827900425','1346358560427216896','1347028169120821249','2021-02-06 17:02:33','2021-02-06 17:02:33');
INSERT INTO "SOUL"."PERMISSION"("ID","OBJECT_ID","RESOURCE_ID","DATE_CREATED","DATE_UPDATED") VALUES('1357977971827900426','1346358560427216896','1347052833968631809','2021-02-06 17:02:33','2021-02-06 17:02:33');
INSERT INTO "SOUL"."PERMISSION"("ID","OBJECT_ID","RESOURCE_ID","DATE_CREATED","DATE_UPDATED") VALUES('1357977971827900427','1346358560427216896','1347052836300664833','2021-02-06 17:02:33','2021-02-06 17:02:33');
INSERT INTO "SOUL"."PERMISSION"("ID","OBJECT_ID","RESOURCE_ID","DATE_CREATED","DATE_UPDATED") VALUES('1357977971827900428','1346358560427216896','1347052839198928897','2021-02-06 17:02:33','2021-02-06 17:02:33');
INSERT INTO "SOUL"."PERMISSION"("ID","OBJECT_ID","RESOURCE_ID","DATE_CREATED","DATE_UPDATED") VALUES('1357977971827900429','1346358560427216896','1347052841824563201','2021-02-06 17:02:33','2021-02-06 17:02:33');
INSERT INTO "SOUL"."PERMISSION"("ID","OBJECT_ID","RESOURCE_ID","DATE_CREATED","DATE_UPDATED") VALUES('1357977971827900430','1346358560427216896','1347052843993018369','2021-02-06 17:02:33','2021-02-06 17:02:33');
INSERT INTO "SOUL"."PERMISSION"("ID","OBJECT_ID","RESOURCE_ID","DATE_CREATED","DATE_UPDATED") VALUES('1357977971827900431','1346358560427216896','1350099831950163969','2021-02-06 17:02:33','2021-02-06 17:02:33');
INSERT INTO "SOUL"."PERMISSION"("ID","OBJECT_ID","RESOURCE_ID","DATE_CREATED","DATE_UPDATED") VALUES('1357977971827900432','1346358560427216896','1350099836492595201','2021-02-06 17:02:33','2021-02-06 17:02:33');
INSERT INTO "SOUL"."PERMISSION"("ID","OBJECT_ID","RESOURCE_ID","DATE_CREATED","DATE_UPDATED") VALUES('1357977971827900433','1346358560427216896','1347027413357572097','2021-02-06 17:02:33','2021-02-06 17:02:33');
INSERT INTO "SOUL"."PERMISSION"("ID","OBJECT_ID","RESOURCE_ID","DATE_CREATED","DATE_UPDATED") VALUES('1404985775104733184','1404985710743138304','1346775491550474240','2021-06-16 10:14:47','2021-06-16 10:14:46');
INSERT INTO "SOUL"."PERMISSION"("ID","OBJECT_ID","RESOURCE_ID","DATE_CREATED","DATE_UPDATED") VALUES('1404985775104733185','1404985710743138304','1347026381504262144','2021-06-16 10:14:47','2021-06-16 10:14:46');
INSERT INTO "SOUL"."PERMISSION"("ID","OBJECT_ID","RESOURCE_ID","DATE_CREATED","DATE_UPDATED") VALUES('1404985775104733186','1404985710743138304','1347050493052071936','2021-06-16 10:14:47','2021-06-16 10:14:46');
INSERT INTO "SOUL"."PERMISSION"("ID","OBJECT_ID","RESOURCE_ID","DATE_CREATED","DATE_UPDATED") VALUES('1404985775104733187','1404985710743138304','1347050998931271680','2021-06-16 10:14:47','2021-06-16 10:14:46');
INSERT INTO "SOUL"."PERMISSION"("ID","OBJECT_ID","RESOURCE_ID","DATE_CREATED","DATE_UPDATED") VALUES('1404985775104733188','1404985710743138304','1347051241320099840','2021-06-16 10:14:47','2021-06-16 10:14:46');
INSERT INTO "SOUL"."PERMISSION"("ID","OBJECT_ID","RESOURCE_ID","DATE_CREATED","DATE_UPDATED") VALUES('1404985775104733189','1404985710743138304','1347051306788990976','2021-06-16 10:14:47','2021-06-16 10:14:46');
INSERT INTO "SOUL"."PERMISSION"("ID","OBJECT_ID","RESOURCE_ID","DATE_CREATED","DATE_UPDATED") VALUES('1404985775104733190','1404985710743138304','1347051641725136896','2021-06-16 10:14:47','2021-06-16 10:14:46');
INSERT INTO "SOUL"."PERMISSION"("ID","OBJECT_ID","RESOURCE_ID","DATE_CREATED","DATE_UPDATED") VALUES('1404985775104733191','1404985710743138304','1350096617689751552','2021-06-16 10:14:47','2021-06-16 10:14:46');
INSERT INTO "SOUL"."PERMISSION"("ID","OBJECT_ID","RESOURCE_ID","DATE_CREATED","DATE_UPDATED") VALUES('1404985775104733192','1404985710743138304','1350096630197166080','2021-06-16 10:14:47','2021-06-16 10:14:46');
INSERT INTO "SOUL"."PERMISSION"("ID","OBJECT_ID","RESOURCE_ID","DATE_CREATED","DATE_UPDATED") VALUES('1404985775104733193','1404985710743138304','1347026805170909184','2021-06-16 10:14:47','2021-06-16 10:14:46');
INSERT INTO "SOUL"."PERMISSION"("ID","OBJECT_ID","RESOURCE_ID","DATE_CREATED","DATE_UPDATED") VALUES('1404985775104733194','1404985710743138304','1347051850521784320','2021-06-16 10:14:47','2021-06-16 10:14:46');
INSERT INTO "SOUL"."PERMISSION"("ID","OBJECT_ID","RESOURCE_ID","DATE_CREATED","DATE_UPDATED") VALUES('1404985775104733195','1404985710743138304','1347051853025783808','2021-06-16 10:14:47','2021-06-16 10:14:46');
INSERT INTO "SOUL"."PERMISSION"("ID","OBJECT_ID","RESOURCE_ID","DATE_CREATED","DATE_UPDATED") VALUES('1404985775104733196','1404985710743138304','1347051855538171904','2021-06-16 10:14:47','2021-06-16 10:14:46');
INSERT INTO "SOUL"."PERMISSION"("ID","OBJECT_ID","RESOURCE_ID","DATE_CREATED","DATE_UPDATED") VALUES('1404985775104733197','1404985710743138304','1347051857962479616','2021-06-16 10:14:47','2021-06-16 10:14:46');
INSERT INTO "SOUL"."PERMISSION"("ID","OBJECT_ID","RESOURCE_ID","DATE_CREATED","DATE_UPDATED") VALUES('1404985775104733198','1404985710743138304','1347051860495839232','2021-06-16 10:14:47','2021-06-16 10:14:46');
INSERT INTO "SOUL"."PERMISSION"("ID","OBJECT_ID","RESOURCE_ID","DATE_CREATED","DATE_UPDATED") VALUES('1404985775104733199','1404985710743138304','1350098233939632128','2021-06-16 10:14:47','2021-06-16 10:14:46');
INSERT INTO "SOUL"."PERMISSION"("ID","OBJECT_ID","RESOURCE_ID","DATE_CREATED","DATE_UPDATED") VALUES('1404985775104733200','1404985710743138304','1350098236741427200','2021-06-16 10:14:47','2021-06-16 10:14:46');
INSERT INTO "SOUL"."PERMISSION"("ID","OBJECT_ID","RESOURCE_ID","DATE_CREATED","DATE_UPDATED") VALUES('1404985775104733201','1404985710743138304','1347027413357572096','2021-06-16 10:14:47','2021-06-16 10:14:46');
INSERT INTO "SOUL"."PERMISSION"("ID","OBJECT_ID","RESOURCE_ID","DATE_CREATED","DATE_UPDATED") VALUES('1404985775104733202','1404985710743138304','1347052833968631808','2021-06-16 10:14:47','2021-06-16 10:14:46');
INSERT INTO "SOUL"."PERMISSION"("ID","OBJECT_ID","RESOURCE_ID","DATE_CREATED","DATE_UPDATED") VALUES('1404985775104733203','1404985710743138304','1347052836300664832','2021-06-16 10:14:47','2021-06-16 10:14:46');
INSERT INTO "SOUL"."PERMISSION"("ID","OBJECT_ID","RESOURCE_ID","DATE_CREATED","DATE_UPDATED") VALUES('1404985775104733204','1404985710743138304','1347052839198928896','2021-06-16 10:14:47','2021-06-16 10:14:46');
INSERT INTO "SOUL"."PERMISSION"("ID","OBJECT_ID","RESOURCE_ID","DATE_CREATED","DATE_UPDATED") VALUES('1404985775104733205','1404985710743138304','1347052841824563200','2021-06-16 10:14:47','2021-06-16 10:14:46');
INSERT INTO "SOUL"."PERMISSION"("ID","OBJECT_ID","RESOURCE_ID","DATE_CREATED","DATE_UPDATED") VALUES('1404985775104733206','1404985710743138304','1347052843993018368','2021-06-16 10:14:47','2021-06-16 10:14:47');
INSERT INTO "SOUL"."PERMISSION"("ID","OBJECT_ID","RESOURCE_ID","DATE_CREATED","DATE_UPDATED") VALUES('1404985775104733207','1404985710743138304','1350099831950163968','2021-06-16 10:14:47','2021-06-16 10:14:47');
INSERT INTO "SOUL"."PERMISSION"("ID","OBJECT_ID","RESOURCE_ID","DATE_CREATED","DATE_UPDATED") VALUES('1404985775104733208','1404985710743138304','1350099836492595200','2021-06-16 10:14:47','2021-06-16 10:14:47');
INSERT INTO "SOUL"."PERMISSION"("ID","OBJECT_ID","RESOURCE_ID","DATE_CREATED","DATE_UPDATED") VALUES('1404985775104733209','1404985710743138304','1347027413357572097','2021-06-16 10:14:47','2021-06-16 10:14:47');
INSERT INTO "SOUL"."PERMISSION"("ID","OBJECT_ID","RESOURCE_ID","DATE_CREATED","DATE_UPDATED") VALUES('1404985775104733210','1404985710743138304','1347052833968631809','2021-06-16 10:14:47','2021-06-16 10:14:47');
INSERT INTO "SOUL"."PERMISSION"("ID","OBJECT_ID","RESOURCE_ID","DATE_CREATED","DATE_UPDATED") VALUES('1404985775104733211','1404985710743138304','1347052836300664833','2021-06-16 10:14:47','2021-06-16 10:14:47');
INSERT INTO "SOUL"."PERMISSION"("ID","OBJECT_ID","RESOURCE_ID","DATE_CREATED","DATE_UPDATED") VALUES('1404985775104733212','1404985710743138304','1347052839198928897','2021-06-16 10:14:47','2021-06-16 10:14:47');
INSERT INTO "SOUL"."PERMISSION"("ID","OBJECT_ID","RESOURCE_ID","DATE_CREATED","DATE_UPDATED") VALUES('1404985775104733213','1404985710743138304','1347052841824563201','2021-06-16 10:14:47','2021-06-16 10:14:47');
INSERT INTO "SOUL"."PERMISSION"("ID","OBJECT_ID","RESOURCE_ID","DATE_CREATED","DATE_UPDATED") VALUES('1404985775104733214','1404985710743138304','1347052843993018369','2021-06-16 10:14:47','2021-06-16 10:14:47');
INSERT INTO "SOUL"."PERMISSION"("ID","OBJECT_ID","RESOURCE_ID","DATE_CREATED","DATE_UPDATED") VALUES('1404985775104733215','1404985710743138304','1350099831950163969','2021-06-16 10:14:47','2021-06-16 10:14:47');
INSERT INTO "SOUL"."PERMISSION"("ID","OBJECT_ID","RESOURCE_ID","DATE_CREATED","DATE_UPDATED") VALUES('1404985775104733216','1404985710743138304','1350099836492595201','2021-06-16 10:14:47','2021-06-16 10:14:47');
INSERT INTO "SOUL"."PERMISSION"("ID","OBJECT_ID","RESOURCE_ID","DATE_CREATED","DATE_UPDATED") VALUES('1404985775104733217','1404985710743138304','1347027482244820992','2021-06-16 10:14:47','2021-06-16 10:14:47');
INSERT INTO "SOUL"."PERMISSION"("ID","OBJECT_ID","RESOURCE_ID","DATE_CREATED","DATE_UPDATED") VALUES('1404985775104733218','1404985710743138304','1347053324018528256','2021-06-16 10:14:47','2021-06-16 10:14:47');
INSERT INTO "SOUL"."PERMISSION"("ID","OBJECT_ID","RESOURCE_ID","DATE_CREATED","DATE_UPDATED") VALUES('1404985775104733219','1404985710743138304','1347053326988095488','2021-06-16 10:14:47','2021-06-16 10:14:47');
INSERT INTO "SOUL"."PERMISSION"("ID","OBJECT_ID","RESOURCE_ID","DATE_CREATED","DATE_UPDATED") VALUES('1404985775104733220','1404985710743138304','1347053329378848768','2021-06-16 10:14:47','2021-06-16 10:14:47');
INSERT INTO "SOUL"."PERMISSION"("ID","OBJECT_ID","RESOURCE_ID","DATE_CREATED","DATE_UPDATED") VALUES('1404985775104733221','1404985710743138304','1347053331744436224','2021-06-16 10:14:47','2021-06-16 10:14:47');
INSERT INTO "SOUL"."PERMISSION"("ID","OBJECT_ID","RESOURCE_ID","DATE_CREATED","DATE_UPDATED") VALUES('1404985775104733222','1404985710743138304','1347053334470733824','2021-06-16 10:14:47','2021-06-16 10:14:47');
INSERT INTO "SOUL"."PERMISSION"("ID","OBJECT_ID","RESOURCE_ID","DATE_CREATED","DATE_UPDATED") VALUES('1404985775104733223','1404985710743138304','1350099893203779584','2021-06-16 10:14:47','2021-06-16 10:14:47');
INSERT INTO "SOUL"."PERMISSION"("ID","OBJECT_ID","RESOURCE_ID","DATE_CREATED","DATE_UPDATED") VALUES('1404985775104733224','1404985710743138304','1350099896441782272','2021-06-16 10:14:47','2021-06-16 10:14:47');
INSERT INTO "SOUL"."PERMISSION"("ID","OBJECT_ID","RESOURCE_ID","DATE_CREATED","DATE_UPDATED") VALUES('1404985775104733225','1404985710743138304','1347027526339538944','2021-06-16 10:14:47','2021-06-16 10:14:47');
INSERT INTO "SOUL"."PERMISSION"("ID","OBJECT_ID","RESOURCE_ID","DATE_CREATED","DATE_UPDATED") VALUES('1404985775104733226','1404985710743138304','1347053363814084608','2021-06-16 10:14:47','2021-06-16 10:14:47');
INSERT INTO "SOUL"."PERMISSION"("ID","OBJECT_ID","RESOURCE_ID","DATE_CREATED","DATE_UPDATED") VALUES('1404985775104733227','1404985710743138304','1347053366552965120','2021-06-16 10:14:47','2021-06-16 10:14:47');
INSERT INTO "SOUL"."PERMISSION"("ID","OBJECT_ID","RESOURCE_ID","DATE_CREATED","DATE_UPDATED") VALUES('1404985775104733228','1404985710743138304','1347053369413480448','2021-06-16 10:14:47','2021-06-16 10:14:47');
INSERT INTO "SOUL"."PERMISSION"("ID","OBJECT_ID","RESOURCE_ID","DATE_CREATED","DATE_UPDATED") VALUES('1404985775104733229','1404985710743138304','1347053372164943872','2021-06-16 10:14:47','2021-06-16 10:14:47');
INSERT INTO "SOUL"."PERMISSION"("ID","OBJECT_ID","RESOURCE_ID","DATE_CREATED","DATE_UPDATED") VALUES('1404985775104733230','1404985710743138304','1347053375029653504','2021-06-16 10:14:47','2021-06-16 10:14:47');
INSERT INTO "SOUL"."PERMISSION"("ID","OBJECT_ID","RESOURCE_ID","DATE_CREATED","DATE_UPDATED") VALUES('1404985775104733231','1404985710743138304','1350099936379944960','2021-06-16 10:14:47','2021-06-16 10:14:47');
INSERT INTO "SOUL"."PERMISSION"("ID","OBJECT_ID","RESOURCE_ID","DATE_CREATED","DATE_UPDATED") VALUES('1404985775104733232','1404985710743138304','1350099939177545728','2021-06-16 10:14:47','2021-06-16 10:14:47');
INSERT INTO "SOUL"."PERMISSION"("ID","OBJECT_ID","RESOURCE_ID","DATE_CREATED","DATE_UPDATED") VALUES('1404985775104733233','1404985710743138304','1347027566034432000','2021-06-16 10:14:47','2021-06-16 10:14:47');
INSERT INTO "SOUL"."PERMISSION"("ID","OBJECT_ID","RESOURCE_ID","DATE_CREATED","DATE_UPDATED") VALUES('1404985775104733234','1404985710743138304','1347053404050042880','2021-06-16 10:14:47','2021-06-16 10:14:47');
INSERT INTO "SOUL"."PERMISSION"("ID","OBJECT_ID","RESOURCE_ID","DATE_CREATED","DATE_UPDATED") VALUES('1404985775104733235','1404985710743138304','1347053406939918336','2021-06-16 10:14:47','2021-06-16 10:14:47');
INSERT INTO "SOUL"."PERMISSION"("ID","OBJECT_ID","RESOURCE_ID","DATE_CREATED","DATE_UPDATED") VALUES('1404985775104733236','1404985710743138304','1347053409842376704','2021-06-16 10:14:47','2021-06-16 10:14:47');
INSERT INTO "SOUL"."PERMISSION"("ID","OBJECT_ID","RESOURCE_ID","DATE_CREATED","DATE_UPDATED") VALUES('1404985775104733237','1404985710743138304','1347053413067796480','2021-06-16 10:14:47','2021-06-16 10:14:47');
INSERT INTO "SOUL"."PERMISSION"("ID","OBJECT_ID","RESOURCE_ID","DATE_CREATED","DATE_UPDATED") VALUES('1404985775104733238','1404985710743138304','1347053415945089024','2021-06-16 10:14:47','2021-06-16 10:14:47');
INSERT INTO "SOUL"."PERMISSION"("ID","OBJECT_ID","RESOURCE_ID","DATE_CREATED","DATE_UPDATED") VALUES('1404985775104733239','1404985710743138304','1350099976435548160','2021-06-16 10:14:47','2021-06-16 10:14:47');
INSERT INTO "SOUL"."PERMISSION"("ID","OBJECT_ID","RESOURCE_ID","DATE_CREATED","DATE_UPDATED") VALUES('1404985775104733240','1404985710743138304','1350099979434475520','2021-06-16 10:14:47','2021-06-16 10:14:47');
INSERT INTO "SOUL"."PERMISSION"("ID","OBJECT_ID","RESOURCE_ID","DATE_CREATED","DATE_UPDATED") VALUES('1404985775104733241','1404985710743138304','1347027647999520768','2021-06-16 10:14:47','2021-06-16 10:14:47');
INSERT INTO "SOUL"."PERMISSION"("ID","OBJECT_ID","RESOURCE_ID","DATE_CREATED","DATE_UPDATED") VALUES('1404985775104733242','1404985710743138304','1347053442419535872','2021-06-16 10:14:47','2021-06-16 10:14:47');
INSERT INTO "SOUL"."PERMISSION"("ID","OBJECT_ID","RESOURCE_ID","DATE_CREATED","DATE_UPDATED") VALUES('1404985775104733243','1404985710743138304','1347053445191970816','2021-06-16 10:14:47','2021-06-16 10:14:47');
INSERT INTO "SOUL"."PERMISSION"("ID","OBJECT_ID","RESOURCE_ID","DATE_CREATED","DATE_UPDATED") VALUES('1404985775104733244','1404985710743138304','1347053447695970304','2021-06-16 10:14:47','2021-06-16 10:14:47');
INSERT INTO "SOUL"."PERMISSION"("ID","OBJECT_ID","RESOURCE_ID","DATE_CREATED","DATE_UPDATED") VALUES('1404985775104733245','1404985710743138304','1347053450304827392','2021-06-16 10:14:47','2021-06-16 10:14:47');
INSERT INTO "SOUL"."PERMISSION"("ID","OBJECT_ID","RESOURCE_ID","DATE_CREATED","DATE_UPDATED") VALUES('1404985775104733246','1404985710743138304','1347053452737523712','2021-06-16 10:14:47','2021-06-16 10:14:47');
INSERT INTO "SOUL"."PERMISSION"("ID","OBJECT_ID","RESOURCE_ID","DATE_CREATED","DATE_UPDATED") VALUES('1404985775104733247','1404985710743138304','1350100013341229056','2021-06-16 10:14:47','2021-06-16 10:14:47');
INSERT INTO "SOUL"."PERMISSION"("ID","OBJECT_ID","RESOURCE_ID","DATE_CREATED","DATE_UPDATED") VALUES('1404985775104733248','1404985710743138304','1350100016319184896','2021-06-16 10:14:47','2021-06-16 10:14:47');
INSERT INTO "SOUL"."PERMISSION"("ID","OBJECT_ID","RESOURCE_ID","DATE_CREATED","DATE_UPDATED") VALUES('1404985775104733249','1404985710743138304','1347027717792739328','2021-06-16 10:14:47','2021-06-16 10:14:47');
INSERT INTO "SOUL"."PERMISSION"("ID","OBJECT_ID","RESOURCE_ID","DATE_CREATED","DATE_UPDATED") VALUES('1404985775104733250','1404985710743138304','1347053477844627456','2021-06-16 10:14:47','2021-06-16 10:14:47');
INSERT INTO "SOUL"."PERMISSION"("ID","OBJECT_ID","RESOURCE_ID","DATE_CREATED","DATE_UPDATED") VALUES('1404985775104733251','1404985710743138304','1347053480977772544','2021-06-16 10:14:47','2021-06-16 10:14:47');
INSERT INTO "SOUL"."PERMISSION"("ID","OBJECT_ID","RESOURCE_ID","DATE_CREATED","DATE_UPDATED") VALUES('1404985775104733252','1404985710743138304','1347053483712458752','2021-06-16 10:14:47','2021-06-16 10:14:47');
INSERT INTO "SOUL"."PERMISSION"("ID","OBJECT_ID","RESOURCE_ID","DATE_CREATED","DATE_UPDATED") VALUES('1404985775104733253','1404985710743138304','1347053486426173440','2021-06-16 10:14:47','2021-06-16 10:14:47');
INSERT INTO "SOUL"."PERMISSION"("ID","OBJECT_ID","RESOURCE_ID","DATE_CREATED","DATE_UPDATED") VALUES('1404985775104733254','1404985710743138304','1347053489571901440','2021-06-16 10:14:47','2021-06-16 10:14:47');
INSERT INTO "SOUL"."PERMISSION"("ID","OBJECT_ID","RESOURCE_ID","DATE_CREATED","DATE_UPDATED") VALUES('1404985775104733255','1404985710743138304','1350100053757542400','2021-06-16 10:14:47','2021-06-16 10:14:47');
INSERT INTO "SOUL"."PERMISSION"("ID","OBJECT_ID","RESOURCE_ID","DATE_CREATED","DATE_UPDATED") VALUES('1404985775104733256','1404985710743138304','1350100056525783040','2021-06-16 10:14:47','2021-06-16 10:14:48');
INSERT INTO "SOUL"."PERMISSION"("ID","OBJECT_ID","RESOURCE_ID","DATE_CREATED","DATE_UPDATED") VALUES('1404985775104733257','1404985710743138304','1347027769747582976','2021-06-16 10:14:47','2021-06-16 10:14:48');
INSERT INTO "SOUL"."PERMISSION"("ID","OBJECT_ID","RESOURCE_ID","DATE_CREATED","DATE_UPDATED") VALUES('1404985775104733258','1404985710743138304','1347053516423835648','2021-06-16 10:14:47','2021-06-16 10:14:48');
INSERT INTO "SOUL"."PERMISSION"("ID","OBJECT_ID","RESOURCE_ID","DATE_CREATED","DATE_UPDATED") VALUES('1404985775104733259','1404985710743138304','1347053519401791488','2021-06-16 10:14:47','2021-06-16 10:14:48');
INSERT INTO "SOUL"."PERMISSION"("ID","OBJECT_ID","RESOURCE_ID","DATE_CREATED","DATE_UPDATED") VALUES('1404985775104733260','1404985710743138304','1347053522182615040','2021-06-16 10:14:47','2021-06-16 10:14:48');
INSERT INTO "SOUL"."PERMISSION"("ID","OBJECT_ID","RESOURCE_ID","DATE_CREATED","DATE_UPDATED") VALUES('1404985775104733261','1404985710743138304','1347053525034741760','2021-06-16 10:14:47','2021-06-16 10:14:48');
INSERT INTO "SOUL"."PERMISSION"("ID","OBJECT_ID","RESOURCE_ID","DATE_CREATED","DATE_UPDATED") VALUES('1404985775104733262','1404985710743138304','1347053527819759616','2021-06-16 10:14:47','2021-06-16 10:14:48');
INSERT INTO "SOUL"."PERMISSION"("ID","OBJECT_ID","RESOURCE_ID","DATE_CREATED","DATE_UPDATED") VALUES('1404985775104733263','1404985710743138304','1350100110510669824','2021-06-16 10:14:47','2021-06-16 10:14:48');
INSERT INTO "SOUL"."PERMISSION"("ID","OBJECT_ID","RESOURCE_ID","DATE_CREATED","DATE_UPDATED") VALUES('1404985775104733264','1404985710743138304','1350100113283104768','2021-06-16 10:14:47','2021-06-16 10:14:48');
INSERT INTO "SOUL"."PERMISSION"("ID","OBJECT_ID","RESOURCE_ID","DATE_CREATED","DATE_UPDATED") VALUES('1404985775104733265','1404985710743138304','1347027830602739712','2021-06-16 10:14:47','2021-06-16 10:14:48');
INSERT INTO "SOUL"."PERMISSION"("ID","OBJECT_ID","RESOURCE_ID","DATE_CREATED","DATE_UPDATED") VALUES('1404985775104733266','1404985710743138304','1347053554310983680','2021-06-16 10:14:47','2021-06-16 10:14:48');
INSERT INTO "SOUL"."PERMISSION"("ID","OBJECT_ID","RESOURCE_ID","DATE_CREATED","DATE_UPDATED") VALUES('1404985775104733267','1404985710743138304','1347053556512993280','2021-06-16 10:14:47','2021-06-16 10:14:48');
INSERT INTO "SOUL"."PERMISSION"("ID","OBJECT_ID","RESOURCE_ID","DATE_CREATED","DATE_UPDATED") VALUES('1404985775104733268','1404985710743138304','1347053559050547200','2021-06-16 10:14:47','2021-06-16 10:14:48');
INSERT INTO "SOUL"."PERMISSION"("ID","OBJECT_ID","RESOURCE_ID","DATE_CREATED","DATE_UPDATED") VALUES('1404985775104733269','1404985710743138304','1347053561579712512','2021-06-16 10:14:47','2021-06-16 10:14:48');
INSERT INTO "SOUL"."PERMISSION"("ID","OBJECT_ID","RESOURCE_ID","DATE_CREATED","DATE_UPDATED") VALUES('1404985775104733270','1404985710743138304','1347053564016603136','2021-06-16 10:14:47','2021-06-16 10:14:48');
INSERT INTO "SOUL"."PERMISSION"("ID","OBJECT_ID","RESOURCE_ID","DATE_CREATED","DATE_UPDATED") VALUES('1404985775104733271','1404985710743138304','1350100147437322240','2021-06-16 10:14:47','2021-06-16 10:14:48');
INSERT INTO "SOUL"."PERMISSION"("ID","OBJECT_ID","RESOURCE_ID","DATE_CREATED","DATE_UPDATED") VALUES('1404985775104733272','1404985710743138304','1350100150096510976','2021-06-16 10:14:47','2021-06-16 10:14:48');
INSERT INTO "SOUL"."PERMISSION"("ID","OBJECT_ID","RESOURCE_ID","DATE_CREATED","DATE_UPDATED") VALUES('1404985775104733273','1404985710743138304','1347027918121086976','2021-06-16 10:14:47','2021-06-16 10:14:48');
INSERT INTO "SOUL"."PERMISSION"("ID","OBJECT_ID","RESOURCE_ID","DATE_CREATED","DATE_UPDATED") VALUES('1404985775104733274','1404985710743138304','1347053595729735680','2021-06-16 10:14:47','2021-06-16 10:14:48');
INSERT INTO "SOUL"."PERMISSION"("ID","OBJECT_ID","RESOURCE_ID","DATE_CREATED","DATE_UPDATED") VALUES('1404985775104733275','1404985710743138304','1347053598829326336','2021-06-16 10:14:47','2021-06-16 10:14:48');
INSERT INTO "SOUL"."PERMISSION"("ID","OBJECT_ID","RESOURCE_ID","DATE_CREATED","DATE_UPDATED") VALUES('1404985775104733276','1404985710743138304','1347053601572401152','2021-06-16 10:14:47','2021-06-16 10:14:48');
INSERT INTO "SOUL"."PERMISSION"("ID","OBJECT_ID","RESOURCE_ID","DATE_CREATED","DATE_UPDATED") VALUES('1404985775104733277','1404985710743138304','1347053604093177856','2021-06-16 10:14:47','2021-06-16 10:14:48');
INSERT INTO "SOUL"."PERMISSION"("ID","OBJECT_ID","RESOURCE_ID","DATE_CREATED","DATE_UPDATED") VALUES('1404985775104733278','1404985710743138304','1347053606622343168','2021-06-16 10:14:47','2021-06-16 10:14:48');
INSERT INTO "SOUL"."PERMISSION"("ID","OBJECT_ID","RESOURCE_ID","DATE_CREATED","DATE_UPDATED") VALUES('1404985775104733279','1404985710743138304','1350100190894505984','2021-06-16 10:14:47','2021-06-16 10:14:48');
INSERT INTO "SOUL"."PERMISSION"("ID","OBJECT_ID","RESOURCE_ID","DATE_CREATED","DATE_UPDATED") VALUES('1404985775104733280','1404985710743138304','1350100193801158656','2021-06-16 10:14:47','2021-06-16 10:14:48');
INSERT INTO "SOUL"."PERMISSION"("ID","OBJECT_ID","RESOURCE_ID","DATE_CREATED","DATE_UPDATED") VALUES('1404985775104733281','1404985710743138304','1347027995199811584','2021-06-16 10:14:47','2021-06-16 10:14:48');
INSERT INTO "SOUL"."PERMISSION"("ID","OBJECT_ID","RESOURCE_ID","DATE_CREATED","DATE_UPDATED") VALUES('1404985775104733282','1404985710743138304','1347053631159021568','2021-06-16 10:14:47','2021-06-16 10:14:48');
INSERT INTO "SOUL"."PERMISSION"("ID","OBJECT_ID","RESOURCE_ID","DATE_CREATED","DATE_UPDATED") VALUES('1404985775104733283','1404985710743138304','1347053633809821696','2021-06-16 10:14:47','2021-06-16 10:14:48');
INSERT INTO "SOUL"."PERMISSION"("ID","OBJECT_ID","RESOURCE_ID","DATE_CREATED","DATE_UPDATED") VALUES('1404985775104733284','1404985710743138304','1347053636439650304','2021-06-16 10:14:47','2021-06-16 10:14:48');
INSERT INTO "SOUL"."PERMISSION"("ID","OBJECT_ID","RESOURCE_ID","DATE_CREATED","DATE_UPDATED") VALUES('1404985775104733285','1404985710743138304','1347053638968815616','2021-06-16 10:14:47','2021-06-16 10:14:48');
INSERT INTO "SOUL"."PERMISSION"("ID","OBJECT_ID","RESOURCE_ID","DATE_CREATED","DATE_UPDATED") VALUES('1404985775104733286','1404985710743138304','1347053641346985984','2021-06-16 10:14:47','2021-06-16 10:14:48');
INSERT INTO "SOUL"."PERMISSION"("ID","OBJECT_ID","RESOURCE_ID","DATE_CREATED","DATE_UPDATED") VALUES('1404985775104733287','1404985710743138304','1350100229360467968','2021-06-16 10:14:47','2021-06-16 10:14:48');
INSERT INTO "SOUL"."PERMISSION"("ID","OBJECT_ID","RESOURCE_ID","DATE_CREATED","DATE_UPDATED") VALUES('1404985775104733288','1404985710743138304','1350100232451670016','2021-06-16 10:14:47','2021-06-16 10:14:48');
INSERT INTO "SOUL"."PERMISSION"("ID","OBJECT_ID","RESOURCE_ID","DATE_CREATED","DATE_UPDATED") VALUES('1404985775104733289','1404985710743138304','1347028169120821248','2021-06-16 10:14:47','2021-06-16 10:14:48');
INSERT INTO "SOUL"."PERMISSION"("ID","OBJECT_ID","RESOURCE_ID","DATE_CREATED","DATE_UPDATED") VALUES('1404985775104733290','1404985710743138304','1347053666227597312','2021-06-16 10:14:47','2021-06-16 10:14:48');
INSERT INTO "SOUL"."PERMISSION"("ID","OBJECT_ID","RESOURCE_ID","DATE_CREATED","DATE_UPDATED") VALUES('1404985775104733291','1404985710743138304','1347053668538658816','2021-06-16 10:14:47','2021-06-16 10:14:48');
INSERT INTO "SOUL"."PERMISSION"("ID","OBJECT_ID","RESOURCE_ID","DATE_CREATED","DATE_UPDATED") VALUES('1404985775104733292','1404985710743138304','1347053670791000064','2021-06-16 10:14:47','2021-06-16 10:14:48');
INSERT INTO "SOUL"."PERMISSION"("ID","OBJECT_ID","RESOURCE_ID","DATE_CREATED","DATE_UPDATED") VALUES('1404985775104733293','1404985710743138304','1347053673043341312','2021-06-16 10:14:47','2021-06-16 10:14:48');
INSERT INTO "SOUL"."PERMISSION"("ID","OBJECT_ID","RESOURCE_ID","DATE_CREATED","DATE_UPDATED") VALUES('1404985775104733294','1404985710743138304','1347053675174047744','2021-06-16 10:14:47','2021-06-16 10:14:48');
INSERT INTO "SOUL"."PERMISSION"("ID","OBJECT_ID","RESOURCE_ID","DATE_CREATED","DATE_UPDATED") VALUES('1404985775104733295','1404985710743138304','1350100269307019264','2021-06-16 10:14:47','2021-06-16 10:14:48');
INSERT INTO "SOUL"."PERMISSION"("ID","OBJECT_ID","RESOURCE_ID","DATE_CREATED","DATE_UPDATED") VALUES('1404985775104733296','1404985710743138304','1350100272083648512','2021-06-16 10:14:47','2021-06-16 10:14:48');
INSERT INTO "SOUL"."PERMISSION"("ID","OBJECT_ID","RESOURCE_ID","DATE_CREATED","DATE_UPDATED") VALUES('1404985775104733297','1404985710743138304','1347028169120821249','2021-06-16 10:14:47','2021-06-16 10:14:48');
INSERT INTO "SOUL"."PERMISSION"("ID","OBJECT_ID","RESOURCE_ID","DATE_CREATED","DATE_UPDATED") VALUES('1404985775104733298','1404985710743138304','1350100337363795969','2021-06-16 10:14:47','2021-06-16 10:14:48');
INSERT INTO "SOUL"."PERMISSION"("ID","OBJECT_ID","RESOURCE_ID","DATE_CREATED","DATE_UPDATED") VALUES('1404985775104733299','1404985710743138304','1350100337363795970','2021-06-16 10:14:47','2021-06-16 10:14:48');
INSERT INTO "SOUL"."PERMISSION"("ID","OBJECT_ID","RESOURCE_ID","DATE_CREATED","DATE_UPDATED") VALUES('1404985775104733300','1404985710743138304','1350100337363795971','2021-06-16 10:14:47','2021-06-16 10:14:48');
INSERT INTO "SOUL"."PERMISSION"("ID","OBJECT_ID","RESOURCE_ID","DATE_CREATED","DATE_UPDATED") VALUES('1404985775104733301','1404985710743138304','1350100337363795972','2021-06-16 10:14:47','2021-06-16 10:14:49');
INSERT INTO "SOUL"."PERMISSION"("ID","OBJECT_ID","RESOURCE_ID","DATE_CREATED","DATE_UPDATED") VALUES('1404985775104733302','1404985710743138304','1350100337363795973','2021-06-16 10:14:47','2021-06-16 10:14:49');
INSERT INTO "SOUL"."PERMISSION"("ID","OBJECT_ID","RESOURCE_ID","DATE_CREATED","DATE_UPDATED") VALUES('1404985775104733303','1404985710743138304','1350100337363795974','2021-06-16 10:14:47','2021-06-16 10:14:49');
INSERT INTO "SOUL"."PERMISSION"("ID","OBJECT_ID","RESOURCE_ID","DATE_CREATED","DATE_UPDATED") VALUES('1404985775104733304','1404985710743138304','1350100337363795975','2021-06-16 10:14:47','2021-06-16 10:14:49');
INSERT INTO "SOUL"."PERMISSION"("ID","OBJECT_ID","RESOURCE_ID","DATE_CREATED","DATE_UPDATED") VALUES('1404985775104733305','1404985710743138304','1347063567603609600','2021-06-16 10:14:47','2021-06-16 10:14:49');
INSERT INTO "SOUL"."PERMISSION"("ID","OBJECT_ID","RESOURCE_ID","DATE_CREATED","DATE_UPDATED") VALUES('1404985775104733306','1404985710743138304','1347064011369361408','2021-06-16 10:14:47','2021-06-16 10:14:49');
INSERT INTO "SOUL"."PERMISSION"("ID","OBJECT_ID","RESOURCE_ID","DATE_CREATED","DATE_UPDATED") VALUES('1404985775104733307','1404985710743138304','1347064013848195072','2021-06-16 10:14:47','2021-06-16 10:14:49');
INSERT INTO "SOUL"."PERMISSION"("ID","OBJECT_ID","RESOURCE_ID","DATE_CREATED","DATE_UPDATED") VALUES('1404985775104733308','1404985710743138304','1347064016373166080','2021-06-16 10:14:47','2021-06-16 10:14:49');
INSERT INTO "SOUL"."PERMISSION"("ID","OBJECT_ID","RESOURCE_ID","DATE_CREATED","DATE_UPDATED") VALUES('1404985775104733309','1404985710743138304','1347064019007188992','2021-06-16 10:14:47','2021-06-16 10:14:49');
INSERT INTO "SOUL"."PERMISSION"("ID","OBJECT_ID","RESOURCE_ID","DATE_CREATED","DATE_UPDATED") VALUES('1404985775104733310','1404985710743138304','1347064021486022656','2021-06-16 10:14:47','2021-06-16 10:14:49');
INSERT INTO "SOUL"."PERMISSION"("ID","OBJECT_ID","RESOURCE_ID","DATE_CREATED","DATE_UPDATED") VALUES('1404985775108927488','1404985710743138304','1350100334205485056','2021-06-16 10:14:47','2021-06-16 10:14:49');
INSERT INTO "SOUL"."PERMISSION"("ID","OBJECT_ID","RESOURCE_ID","DATE_CREATED","DATE_UPDATED") VALUES('1404985775108927489','1404985710743138304','1350100337363795968','2021-06-16 10:14:47','2021-06-16 10:14:49');
INSERT INTO "SOUL"."PERMISSION"("ID","OBJECT_ID","RESOURCE_ID","DATE_CREATED","DATE_UPDATED") VALUES('1404985775108927490','1404985710743138304','1346776175553376256','2021-06-16 10:14:47','2021-06-16 10:14:49');
INSERT INTO "SOUL"."PERMISSION"("ID","OBJECT_ID","RESOURCE_ID","DATE_CREATED","DATE_UPDATED") VALUES('1404985775108927491','1404985710743138304','1346777157943259136','2021-06-16 10:14:47','2021-06-16 10:14:49');
INSERT INTO "SOUL"."PERMISSION"("ID","OBJECT_ID","RESOURCE_ID","DATE_CREATED","DATE_UPDATED") VALUES('1404985775108927492','1404985710743138304','1347032308726902784','2021-06-16 10:14:47','2021-06-16 10:14:49');
INSERT INTO "SOUL"."PERMISSION"("ID","OBJECT_ID","RESOURCE_ID","DATE_CREATED","DATE_UPDATED") VALUES('1404985775108927493','1404985710743138304','1347032395901317120','2021-06-16 10:14:47','2021-06-16 10:14:49');
INSERT INTO "SOUL"."PERMISSION"("ID","OBJECT_ID","RESOURCE_ID","DATE_CREATED","DATE_UPDATED") VALUES('1404985775108927494','1404985710743138304','1347032453707214848','2021-06-16 10:14:47','2021-06-16 10:14:49');
INSERT INTO "SOUL"."PERMISSION"("ID","OBJECT_ID","RESOURCE_ID","DATE_CREATED","DATE_UPDATED") VALUES('1404985775108927495','1404985710743138304','1347032509051056128','2021-06-16 10:14:47','2021-06-16 10:14:49');
INSERT INTO "SOUL"."PERMISSION"("ID","OBJECT_ID","RESOURCE_ID","DATE_CREATED","DATE_UPDATED") VALUES('1404985775108927496','1404985710743138304','1350106119681622016','2021-06-16 10:14:47','2021-06-16 10:14:49');
INSERT INTO "SOUL"."PERMISSION"("ID","OBJECT_ID","RESOURCE_ID","DATE_CREATED","DATE_UPDATED") VALUES('1404985775108927497','1404985710743138304','1350107709494804480','2021-06-16 10:14:47','2021-06-16 10:14:49');
INSERT INTO "SOUL"."PERMISSION"("ID","OBJECT_ID","RESOURCE_ID","DATE_CREATED","DATE_UPDATED") VALUES('1404985775108927498','1404985710743138304','1350107842236137472','2021-06-16 10:14:47','2021-06-16 10:14:49');
INSERT INTO "SOUL"."PERMISSION"("ID","OBJECT_ID","RESOURCE_ID","DATE_CREATED","DATE_UPDATED") VALUES('1404985775108927499','1404985710743138304','1350112406754766848','2021-06-16 10:14:47','2021-06-16 10:14:49');
INSERT INTO "SOUL"."PERMISSION"("ID","OBJECT_ID","RESOURCE_ID","DATE_CREATED","DATE_UPDATED") VALUES('1404985775108927500','1404985710743138304','1350112481253994496','2021-06-16 10:14:47','2021-06-16 10:14:49');
INSERT INTO "SOUL"."PERMISSION"("ID","OBJECT_ID","RESOURCE_ID","DATE_CREATED","DATE_UPDATED") VALUES('1404985775108927501','1404985710743138304','1355163372527050752','2021-06-16 10:14:47','2021-06-16 10:14:49');
INSERT INTO "SOUL"."PERMISSION"("ID","OBJECT_ID","RESOURCE_ID","DATE_CREATED","DATE_UPDATED") VALUES('1404985775108927502','1404985710743138304','1355165158419750912','2021-06-16 10:14:47','2021-06-16 10:14:49');
INSERT INTO "SOUL"."PERMISSION"("ID","OBJECT_ID","RESOURCE_ID","DATE_CREATED","DATE_UPDATED") VALUES('1404985775108927503','1404985710743138304','1355165353534578688','2021-06-16 10:14:47','2021-06-16 10:14:49');
INSERT INTO "SOUL"."PERMISSION"("ID","OBJECT_ID","RESOURCE_ID","DATE_CREATED","DATE_UPDATED") VALUES('1404985775108927504','1404985710743138304','1355165475785957376','2021-06-16 10:14:47','2021-06-16 10:14:49');
INSERT INTO "SOUL"."PERMISSION"("ID","OBJECT_ID","RESOURCE_ID","DATE_CREATED","DATE_UPDATED") VALUES('1404985775108927505','1404985710743138304','1355165608565039104','2021-06-16 10:14:47','2021-06-16 10:14:49');
INSERT INTO "SOUL"."PERMISSION"("ID","OBJECT_ID","RESOURCE_ID","DATE_CREATED","DATE_UPDATED") VALUES('1404985775108927506','1404985710743138304','1357977745889132544','2021-06-16 10:14:47','2021-06-16 10:14:49');
INSERT INTO "SOUL"."PERMISSION"("ID","OBJECT_ID","RESOURCE_ID","DATE_CREATED","DATE_UPDATED") VALUES('1404985775108927507','1404985710743138304','1357977912126177280','2021-06-16 10:14:47','2021-06-16 10:14:49');
INSERT INTO "SOUL"."PERMISSION"("ID","OBJECT_ID","RESOURCE_ID","DATE_CREATED","DATE_UPDATED") VALUES('1404985775108927508','1404985710743138304','1357977971827900416','2021-06-16 10:14:47','2021-06-16 10:14:49');

INSERT INTO "SOUL"."DASHBOARD_USER"("ID","USER_NAME","PASSWORD","ROLE","ENABLED","DATE_CREATED","DATE_UPDATED") VALUES('1','admin','jHcpKkiDbbQh7W7hh8yQSA==',1,1,'2018-06-23 15:12:22','2018-06-23 15:12:23');
INSERT INTO "SOUL"."DASHBOARD_USER"("ID","USER_NAME","PASSWORD","ROLE","ENABLED","DATE_CREATED","DATE_UPDATED") VALUES('1404985933771059200','leo','jHcpKkiDbbQh7W7hh8yQSA==',1,1,'2021-06-16 10:15:25','2021-06-16 10:15:25');

ALTER TABLE "SOUL"."AUTH_PARAM" ADD CONSTRAINT  PRIMARY KEY("ID") ENABLE ;

ALTER TABLE "SOUL"."AUTH_PATH" ADD CONSTRAINT  PRIMARY KEY("ID") ENABLE ;

ALTER TABLE "SOUL"."DASHBOARD_USER" ADD CONSTRAINT  PRIMARY KEY("ID") ENABLE ;

ALTER TABLE "SOUL"."DASHBOARD_USER" ADD CONSTRAINT "UNIQUE_USER_NAME" UNIQUE("USER_NAME") ENABLE ;

ALTER TABLE "SOUL"."META_DATA" ADD CONSTRAINT  PRIMARY KEY("ID") ENABLE ;

ALTER TABLE "SOUL"."PERMISSION" ADD CONSTRAINT  PRIMARY KEY("ID") ENABLE ;

ALTER TABLE "SOUL"."PLUGIN" ADD CONSTRAINT  PRIMARY KEY("ID") ENABLE ;

ALTER TABLE "SOUL"."PLUGIN_HANDLE" ADD CONSTRAINT  PRIMARY KEY("ID") ENABLE ;

ALTER TABLE "SOUL"."PLUGIN_HANDLE" ADD CONSTRAINT "PLUGIN_ID_FIELD_TYPE" UNIQUE("PLUGIN_ID","FIELD","TYPE") ENABLE ;

ALTER TABLE "SOUL"."RESOURCE" ADD CONSTRAINT  PRIMARY KEY("ID") ENABLE ;

ALTER TABLE "SOUL"."ROLE" ADD CONSTRAINT  PRIMARY KEY("ID","ROLE_NAME") ENABLE ;

ALTER TABLE "SOUL"."RULE" ADD CONSTRAINT  PRIMARY KEY("ID") ENABLE ;

ALTER TABLE "SOUL"."RULE" ADD CONSTRAINT "CONS134223705" UNIQUE("NAME") ENABLE ;

ALTER TABLE "SOUL"."RULE_CONDITION" ADD CONSTRAINT  PRIMARY KEY("ID") ENABLE ;

ALTER TABLE "SOUL"."SELECTOR" ADD CONSTRAINT  PRIMARY KEY("ID") ENABLE ;

ALTER TABLE "SOUL"."SELECTOR" ADD CONSTRAINT "UNIQUE_NAME" UNIQUE("NAME") ENABLE ;

ALTER TABLE "SOUL"."SELECTOR_CONDITION" ADD CONSTRAINT  PRIMARY KEY("ID") ENABLE ;

ALTER TABLE "SOUL"."SOUL_DICT" ADD CONSTRAINT  PRIMARY KEY("ID") ENABLE ;

ALTER TABLE "SOUL"."USER_ROLE" ADD CONSTRAINT "PRIMARY" PRIMARY KEY("ID") ENABLE ;

ALTER TABLE "SOUL"."APP_AUTH" ADD CONSTRAINT  PRIMARY KEY("ID") ENABLE ;

COMMENT ON COLUMN "SOUL"."AUTH_PARAM"."ID" IS 'primary key id';

COMMENT ON COLUMN "SOUL"."AUTH_PARAM"."AUTH_ID" IS 'authentication table id';

COMMENT ON COLUMN "SOUL"."AUTH_PARAM"."APP_NAME" IS 'business Module';

COMMENT ON COLUMN "SOUL"."AUTH_PARAM"."APP_PARAM" IS 'service module parameters (parameters that need to be passed by the gateway) json type';

COMMENT ON COLUMN "SOUL"."AUTH_PARAM"."DATE_CREATED" IS 'create time';

COMMENT ON COLUMN "SOUL"."AUTH_PARAM"."DATE_UPDATED" IS 'update time';

COMMENT ON COLUMN "SOUL"."AUTH_PATH"."ID" IS 'primary key id';

COMMENT ON COLUMN "SOUL"."AUTH_PATH"."AUTH_ID" IS 'auth table id';

COMMENT ON COLUMN "SOUL"."AUTH_PATH"."APP_NAME" IS 'module';

COMMENT ON COLUMN "SOUL"."AUTH_PATH"."PATH" IS 'path';

COMMENT ON COLUMN "SOUL"."AUTH_PATH"."ENABLED" IS 'whether pass 1 is';

COMMENT ON COLUMN "SOUL"."AUTH_PATH"."DATE_CREATED" IS 'create time';

COMMENT ON COLUMN "SOUL"."AUTH_PATH"."DATE_UPDATED" IS 'update time';

COMMENT ON COLUMN "SOUL"."DASHBOARD_USER"."ID" IS 'primary key id';

COMMENT ON COLUMN "SOUL"."DASHBOARD_USER"."USER_NAME" IS 'user name';

COMMENT ON COLUMN "SOUL"."DASHBOARD_USER"."PASSWORD" IS 'user password';

COMMENT ON COLUMN "SOUL"."DASHBOARD_USER"."ROLE" IS 'role';

COMMENT ON COLUMN "SOUL"."DASHBOARD_USER"."ENABLED" IS 'delete or not';

COMMENT ON COLUMN "SOUL"."DASHBOARD_USER"."DATE_CREATED" IS 'create time';

COMMENT ON COLUMN "SOUL"."DASHBOARD_USER"."DATE_UPDATED" IS 'update time';

COMMENT ON COLUMN "SOUL"."META_DATA"."ID" IS 'id';

COMMENT ON COLUMN "SOUL"."META_DATA"."APP_NAME" IS 'application name';

COMMENT ON COLUMN "SOUL"."META_DATA"."PATH" IS 'path, cannot be repeated';

COMMENT ON COLUMN "SOUL"."META_DATA"."PATH_DESC" IS 'path description';

COMMENT ON COLUMN "SOUL"."META_DATA"."RPC_TYPE" IS 'rpc type';

COMMENT ON COLUMN "SOUL"."META_DATA"."SERVICE_NAME" IS 'service name';

COMMENT ON COLUMN "SOUL"."META_DATA"."METHOD_NAME" IS 'method name';

COMMENT ON COLUMN "SOUL"."META_DATA"."PARAMETER_TYPES" IS 'parameter types are provided with multiple parameter types separated by commas';

COMMENT ON COLUMN "SOUL"."META_DATA"."RPC_EXT" IS 'rpc extended information, json format';

COMMENT ON COLUMN "SOUL"."META_DATA"."DATE_CREATED" IS 'create time';

COMMENT ON COLUMN "SOUL"."META_DATA"."DATE_UPDATED" IS 'update time';

COMMENT ON COLUMN "SOUL"."META_DATA"."ENABLED" IS 'enabled state';

COMMENT ON TABLE "SOUL"."PERMISSION" IS 'permission table';

COMMENT ON COLUMN "SOUL"."PERMISSION"."ID" IS 'primary key id';

COMMENT ON COLUMN "SOUL"."PERMISSION"."OBJECT_ID" IS 'user primary key id or role primary key id';

COMMENT ON COLUMN "SOUL"."PERMISSION"."RESOURCE_ID" IS 'resource primary key id';

COMMENT ON COLUMN "SOUL"."PERMISSION"."DATE_CREATED" IS 'create time';

COMMENT ON COLUMN "SOUL"."PERMISSION"."DATE_UPDATED" IS 'update time';

COMMENT ON COLUMN "SOUL"."PLUGIN"."ID" IS 'primary key id';

COMMENT ON COLUMN "SOUL"."PLUGIN"."NAME" IS 'plugin name';

COMMENT ON COLUMN "SOUL"."PLUGIN"."CONFIG" IS 'plugin configuration';

COMMENT ON COLUMN "SOUL"."PLUGIN"."ROLE" IS 'plug-in role';

COMMENT ON COLUMN "SOUL"."PLUGIN"."ENABLED" IS 'whether to open (0, not open, 1 open)';

COMMENT ON COLUMN "SOUL"."PLUGIN"."DATE_CREATED" IS 'create time';

COMMENT ON COLUMN "SOUL"."PLUGIN"."DATE_UPDATED" IS 'update time';

COMMENT ON COLUMN "SOUL"."PLUGIN_HANDLE"."PLUGIN_ID" IS 'plugin id';

COMMENT ON COLUMN "SOUL"."PLUGIN_HANDLE"."FIELD" IS 'field';

COMMENT ON COLUMN "SOUL"."PLUGIN_HANDLE"."LABEL" IS 'label';

COMMENT ON COLUMN "SOUL"."PLUGIN_HANDLE"."DATA_TYPE" IS 'data type 1 number 2 string';

COMMENT ON COLUMN "SOUL"."PLUGIN_HANDLE"."TYPE" IS 'type, 1 means selector, 2 means rule, 3 means plugin';

COMMENT ON COLUMN "SOUL"."PLUGIN_HANDLE"."SORT" IS 'sort';

COMMENT ON COLUMN "SOUL"."PLUGIN_HANDLE"."EXT_OBJ" IS 'extra configuration (json format data)';

COMMENT ON COLUMN "SOUL"."PLUGIN_HANDLE"."DATE_CREATED" IS 'create time';

COMMENT ON COLUMN "SOUL"."PLUGIN_HANDLE"."DATE_UPDATED" IS 'update time';

COMMENT ON TABLE "SOUL"."RESOURCE" IS 'resource table';

COMMENT ON COLUMN "SOUL"."RESOURCE"."ID" IS 'primary key id';

COMMENT ON COLUMN "SOUL"."RESOURCE"."PARENT_ID" IS 'resource parent primary key id';

COMMENT ON COLUMN "SOUL"."RESOURCE"."TITLE" IS 'title';

COMMENT ON COLUMN "SOUL"."RESOURCE"."NAME" IS 'route name';

COMMENT ON COLUMN "SOUL"."RESOURCE"."URL" IS 'route url';

COMMENT ON COLUMN "SOUL"."RESOURCE"."COMPONENT" IS 'component';

COMMENT ON COLUMN "SOUL"."RESOURCE"."RESOURCE_TYPE" IS 'resource type eg 0:main menu 1:child menu 2:function button';

COMMENT ON COLUMN "SOUL"."RESOURCE"."SORT" IS 'sort';

COMMENT ON COLUMN "SOUL"."RESOURCE"."ICON" IS 'icon';

COMMENT ON COLUMN "SOUL"."RESOURCE"."IS_LEAF" IS 'leaf node 0:no 1:yes';

COMMENT ON COLUMN "SOUL"."RESOURCE"."IS_ROUTE" IS 'route 1:yes 0:no';

COMMENT ON COLUMN "SOUL"."RESOURCE"."PERMS" IS 'button permission description sys:user:add(add)/sys:user:edit(edit)';

COMMENT ON COLUMN "SOUL"."RESOURCE"."STATUS" IS 'status 1:enable 0:disable';

COMMENT ON COLUMN "SOUL"."RESOURCE"."DATE_CREATED" IS 'create time';

COMMENT ON COLUMN "SOUL"."RESOURCE"."DATE_UPDATED" IS 'update time';

COMMENT ON TABLE "SOUL"."ROLE" IS 'role table';

COMMENT ON COLUMN "SOUL"."ROLE"."ID" IS 'primary key id';

COMMENT ON COLUMN "SOUL"."ROLE"."ROLE_NAME" IS 'role name';

COMMENT ON COLUMN "SOUL"."ROLE"."DESCRIPTION" IS 'role describe';

COMMENT ON COLUMN "SOUL"."ROLE"."DATE_CREATED" IS 'create time';

COMMENT ON COLUMN "SOUL"."ROLE"."DATE_UPDATED" IS 'update time';

COMMENT ON COLUMN "SOUL"."RULE"."ID" IS 'primary key id';

COMMENT ON COLUMN "SOUL"."RULE"."SELECTOR_ID" IS 'selector id';

COMMENT ON COLUMN "SOUL"."RULE"."MATCH_MODE" IS 'matching mode (0 and 1 or)';

COMMENT ON COLUMN "SOUL"."RULE"."NAME" IS 'rule name';

COMMENT ON COLUMN "SOUL"."RULE"."ENABLED" IS 'whether to open';

COMMENT ON COLUMN "SOUL"."RULE"."LOGED" IS 'whether to log or not';

COMMENT ON COLUMN "SOUL"."RULE"."SORT" IS 'sort';

COMMENT ON COLUMN "SOUL"."RULE"."HANDLE" IS 'processing logic (here for different plug-ins, there will be different fields to identify different processes, all data in JSON format is stored)';

COMMENT ON COLUMN "SOUL"."RULE"."DATE_CREATED" IS 'create time';

COMMENT ON COLUMN "SOUL"."RULE"."DATE_UPDATED" IS 'update time';

COMMENT ON COLUMN "SOUL"."RULE_CONDITION"."ID" IS 'primary key id';

COMMENT ON COLUMN "SOUL"."RULE_CONDITION"."RULE_ID" IS 'rule id';

COMMENT ON COLUMN "SOUL"."RULE_CONDITION"."PARAM_TYPE" IS 'parameter type (post query uri, etc.)';

COMMENT ON COLUMN "SOUL"."RULE_CONDITION"."OPERATOR" IS 'matching character (=> <like match)';

COMMENT ON COLUMN "SOUL"."RULE_CONDITION"."PARAM_NAME" IS 'parameter name';

COMMENT ON COLUMN "SOUL"."RULE_CONDITION"."PARAM_VALUE" IS 'parameter value';

COMMENT ON COLUMN "SOUL"."RULE_CONDITION"."DATE_CREATED" IS 'create time';

COMMENT ON COLUMN "SOUL"."RULE_CONDITION"."DATE_UPDATED" IS 'update time';

COMMENT ON COLUMN "SOUL"."SELECTOR"."ID" IS 'primary key id varchar';

COMMENT ON COLUMN "SOUL"."SELECTOR"."PLUGIN_ID" IS 'plugin id';

COMMENT ON COLUMN "SOUL"."SELECTOR"."NAME" IS 'selector name';

COMMENT ON COLUMN "SOUL"."SELECTOR"."MATCH_MODE" IS 'matching mode (0 and 1 or)';

COMMENT ON COLUMN "SOUL"."SELECTOR"."TYPE" IS 'type (0, full flow, 1 custom flow)';

COMMENT ON COLUMN "SOUL"."SELECTOR"."SORT" IS 'sort';

COMMENT ON COLUMN "SOUL"."SELECTOR"."HANDLE" IS 'processing logic (here for different plug-ins, there will be different fields to identify different processes, all data in JSON format is stored)';

COMMENT ON COLUMN "SOUL"."SELECTOR"."ENABLED" IS 'whether to open';

COMMENT ON COLUMN "SOUL"."SELECTOR"."LOGED" IS 'whether to print the log';

COMMENT ON COLUMN "SOUL"."SELECTOR"."CONTINUED" IS 'whether to continue execution';

COMMENT ON COLUMN "SOUL"."SELECTOR"."DATE_CREATED" IS 'create time';

COMMENT ON COLUMN "SOUL"."SELECTOR"."DATE_UPDATED" IS 'update time';

COMMENT ON COLUMN "SOUL"."SELECTOR_CONDITION"."ID" IS 'primary key id';

COMMENT ON COLUMN "SOUL"."SELECTOR_CONDITION"."SELECTOR_ID" IS 'selector id';

COMMENT ON COLUMN "SOUL"."SELECTOR_CONDITION"."PARAM_TYPE" IS 'parameter type (to query uri, etc.)';

COMMENT ON COLUMN "SOUL"."SELECTOR_CONDITION"."OPERATOR" IS 'matching character (=> <like matching)';

COMMENT ON COLUMN "SOUL"."SELECTOR_CONDITION"."PARAM_NAME" IS 'parameter name';

COMMENT ON COLUMN "SOUL"."SELECTOR_CONDITION"."PARAM_VALUE" IS 'parameter value';

COMMENT ON COLUMN "SOUL"."SELECTOR_CONDITION"."DATE_CREATED" IS 'create time';

COMMENT ON COLUMN "SOUL"."SELECTOR_CONDITION"."DATE_UPDATED" IS 'update time';

COMMENT ON COLUMN "SOUL"."SOUL_DICT"."ID" IS 'primary key id';

COMMENT ON COLUMN "SOUL"."SOUL_DICT"."TYPE" IS 'type';

COMMENT ON COLUMN "SOUL"."SOUL_DICT"."DICT_CODE" IS 'dictionary encoding';

COMMENT ON COLUMN "SOUL"."SOUL_DICT"."DICT_NAME" IS 'dictionary name';

COMMENT ON COLUMN "SOUL"."SOUL_DICT"."DICT_VALUE" IS 'dictionary value';

COMMENT ON COLUMN "SOUL"."SOUL_DICT"."DESC" IS 'dictionary description or remarks';

COMMENT ON COLUMN "SOUL"."SOUL_DICT"."SORT" IS 'sort';

COMMENT ON COLUMN "SOUL"."SOUL_DICT"."ENABLED" IS 'whether it is enabled';

COMMENT ON COLUMN "SOUL"."SOUL_DICT"."DATE_CREATED" IS 'create time';

COMMENT ON COLUMN "SOUL"."SOUL_DICT"."DATE_UPDATED" IS 'update time';

COMMENT ON TABLE "SOUL"."USER_ROLE" IS 'user and role bind table';

COMMENT ON COLUMN "SOUL"."USER_ROLE"."ID" IS 'primary key id';

COMMENT ON COLUMN "SOUL"."USER_ROLE"."USER_ID" IS 'user primary key';

COMMENT ON COLUMN "SOUL"."USER_ROLE"."ROLE_ID" IS 'role primary key';

COMMENT ON COLUMN "SOUL"."USER_ROLE"."DATE_CREATED" IS 'create time';

COMMENT ON COLUMN "SOUL"."USER_ROLE"."DATE_UPDATED" IS 'update time';

COMMENT ON COLUMN "SOUL"."APP_AUTH"."ID" IS 'primary key id';

COMMENT ON COLUMN "SOUL"."APP_AUTH"."APP_KEY" IS 'application identification key';

COMMENT ON COLUMN "SOUL"."APP_AUTH"."APP_SECRET" IS 'encryption algorithm secret';

COMMENT ON COLUMN "SOUL"."APP_AUTH"."USER_ID" IS 'user id';

COMMENT ON COLUMN "SOUL"."APP_AUTH"."PHONE" IS 'phone number when the user applies';

COMMENT ON COLUMN "SOUL"."APP_AUTH"."EXT_INFO" IS 'extended parameter json';

COMMENT ON COLUMN "SOUL"."APP_AUTH"."OPEN" IS 'open auth path or not';

COMMENT ON COLUMN "SOUL"."APP_AUTH"."ENABLED" IS 'delete or not';

COMMENT ON COLUMN "SOUL"."APP_AUTH"."DATE_CREATED" IS 'create time';

COMMENT ON COLUMN "SOUL"."APP_AUTH"."DATE_UPDATED" IS 'update time';

